Timestamp,User,Data Store,Entity,Data Type,Id,Process Model Name,Process Model Id,Process Name,Process Id,Node Display Name,Node Id,Comment
28 Nov 2017 06:45:32 GMT,csa.projectadmin,BTS_CSA,CSA_CASE_DOCUMENT,{urn:com:appian:types:BTS_CSA}CSA_caseDocument,11,CSA Delete from Database,165,CSA Delete from Database,129,Delete from Data Store Entities,1578,
28 Nov 2017 06:45:32 GMT,csa.projectadmin,BTS_CSA,CSA_CASE_DOCUMENT,{urn:com:appian:types:BTS_CSA}CSA_caseDocument,12,CSA Delete from Database,165,CSA Delete from Database,129,Delete from Data Store Entities,1578,
28 Nov 2017 06:45:32 GMT,csa.projectadmin,BTS_CSA,CSA_CASE_DOCUMENT,{urn:com:appian:types:BTS_CSA}CSA_caseDocument,13,CSA Delete from Database,165,CSA Delete from Database,129,Delete from Data Store Entities,1578,
28 Nov 2017 06:45:32 GMT,csa.projectadmin,BTS_CSA,CSA_CASE_DOCUMENT,{urn:com:appian:types:BTS_CSA}CSA_caseDocument,14,CSA Delete from Database,165,CSA Delete from Database,129,Delete from Data Store Entities,1578,
28 Nov 2017 06:45:32 GMT,csa.projectadmin,BTS_CSA,CSA_CASE_DOCUMENT,{urn:com:appian:types:BTS_CSA}CSA_caseDocument,15,CSA Delete from Database,165,CSA Delete from Database,129,Delete from Data Store Entities,1578,
28 Nov 2017 06:45:32 GMT,csa.projectadmin,BTS_CSA,CSA_CASE_DOCUMENT,{urn:com:appian:types:BTS_CSA}CSA_caseDocument,16,CSA Delete from Database,165,CSA Delete from Database,129,Delete from Data Store Entities,1578,
28 Nov 2017 06:45:32 GMT,csa.projectadmin,BTS_CSA,CSA_CASE_DOCUMENT,{urn:com:appian:types:BTS_CSA}CSA_caseDocument,17,CSA Delete from Database,165,CSA Delete from Database,129,Delete from Data Store Entities,1578,
28 Nov 2017 06:45:32 GMT,csa.projectadmin,BTS_CSA,CSA_CASE_DOCUMENT,{urn:com:appian:types:BTS_CSA}CSA_caseDocument,18,CSA Delete from Database,165,CSA Delete from Database,129,Delete from Data Store Entities,1578,
28 Nov 2017 06:45:32 GMT,csa.projectadmin,BTS_CSA,CSA_CASE_DOCUMENT,{urn:com:appian:types:BTS_CSA}CSA_caseDocument,19,CSA Delete from Database,165,CSA Delete from Database,129,Delete from Data Store Entities,1578,
28 Nov 2017 06:45:32 GMT,csa.projectadmin,BTS_CSA,CSA_CASE_DOCUMENT,{urn:com:appian:types:BTS_CSA}CSA_caseDocument,20,CSA Delete from Database,165,CSA Delete from Database,129,Delete from Data Store Entities,1578,
28 Nov 2017 15:41:57 GMT,csa.projectadmin,BTS_CSA,CSA_CASE_DOCUMENT,{urn:com:appian:types:BTS_CSA}CSA_caseDocument,28,CSA Delete from Database,165,CSA Delete from Database,268435758,Delete from Data Store Entities,268438830,
29 Nov 2017 11:10:23 GMT,csa.companyadmin,BTS_CSA,CSA_CASE_DOCUMENT,{urn:com:appian:types:BTS_CSA}CSA_caseDocument,101,CSA Delete from Database,165,CSA Delete from Database,536871633,Delete from Data Store Entities,536879378,
29 Nov 2017 11:10:23 GMT,csa.companyadmin,BTS_CSA,CSA_PROJECT_TEMPLATE,{urn:com:appian:types:BTS_CSA}CSA_projectTemplate,7,CSA Delete from Database,165,CSA Delete from Database,536871634,Delete from Data Store Entities,536879389,
29 Nov 2017 11:43:54 GMT,arpitcco@yopmail.com,BTS_CSA,CSA_CASE_DOCUMENT,{urn:com:appian:types:BTS_CSA}CSA_caseDocument,97,CSA Delete from Database,165,CSA Delete from Database,536871688,Delete from Data Store Entities,536879968,
29 Nov 2017 11:43:54 GMT,arpitcco@yopmail.com,BTS_CSA,CSA_PROJECT_TEMPLATE,{urn:com:appian:types:BTS_CSA}CSA_projectTemplate,1,CSA Delete from Database,165,CSA Delete from Database,536871689,Delete from Data Store Entities,536879979,
29 Nov 2017 11:43:54 GMT,arpitcco@yopmail.com,BTS_CSA,CSA_PROJECT_TEMPLATE,{urn:com:appian:types:BTS_CSA}CSA_projectTemplate,2,CSA Delete from Database,165,CSA Delete from Database,536871689,Delete from Data Store Entities,536879979,
29 Nov 2017 11:43:54 GMT,arpitcco@yopmail.com,BTS_CSA,CSA_PROJECT_TEMPLATE,{urn:com:appian:types:BTS_CSA}CSA_projectTemplate,6,CSA Delete from Database,165,CSA Delete from Database,536871689,Delete from Data Store Entities,536879979,
29 Nov 2017 11:51:51 GMT,csa.companyadmin,BTS_CSA,BTS_PROJECT_USER_MAPPING,{urn:com:appian:types:BTS_CSA}BTS_projectUserMapping,15,CSA Delete from Database,165,CSA Delete from Database,433,Delete from Data Store Entities,4946,
30 Nov 2017 06:08:09 GMT,rishiraj.maken,BTS_CSA,CSA_CASE_DOCUMENT,{urn:com:appian:types:BTS_CSA}CSA_caseDocument,122,CSA Delete from Database,165,CSA Delete from Database,536871893,Delete from Data Store Entities,536882533,
30 Nov 2017 10:57:39 GMT,csa.projectcaseofficer,BTS_CSA,CSA_CASE_DOCUMENT,{urn:com:appian:types:BTS_CSA}CSA_caseDocument,171,CSA Delete from Database,165,CSA Delete from Database,268436283,Delete from Data Store Entities,268445141,
30 Nov 2017 10:57:39 GMT,csa.projectcaseofficer,BTS_CSA,CSA_CASE_DOCUMENT,{urn:com:appian:types:BTS_CSA}CSA_caseDocument,172,CSA Delete from Database,165,CSA Delete from Database,268436283,Delete from Data Store Entities,268445141,
30 Nov 2017 10:57:39 GMT,csa.projectcaseofficer,BTS_CSA,CSA_CASE_DOCUMENT,{urn:com:appian:types:BTS_CSA}CSA_caseDocument,173,CSA Delete from Database,165,CSA Delete from Database,268436283,Delete from Data Store Entities,268445141,
30 Nov 2017 10:57:39 GMT,csa.projectcaseofficer,BTS_CSA,CSA_CASE_DOCUMENT,{urn:com:appian:types:BTS_CSA}CSA_caseDocument,174,CSA Delete from Database,165,CSA Delete from Database,268436283,Delete from Data Store Entities,268445141,
30 Nov 2017 10:57:39 GMT,csa.projectcaseofficer,BTS_CSA,CSA_CASE_DOCUMENT,{urn:com:appian:types:BTS_CSA}CSA_caseDocument,175,CSA Delete from Database,165,CSA Delete from Database,268436283,Delete from Data Store Entities,268445141,
30 Nov 2017 10:57:39 GMT,csa.projectcaseofficer,BTS_CSA,CSA_CASE_DOCUMENT,{urn:com:appian:types:BTS_CSA}CSA_caseDocument,176,CSA Delete from Database,165,CSA Delete from Database,268436283,Delete from Data Store Entities,268445141,
30 Nov 2017 10:57:39 GMT,csa.projectcaseofficer,BTS_CSA,CSA_CASE_DOCUMENT,{urn:com:appian:types:BTS_CSA}CSA_caseDocument,177,CSA Delete from Database,165,CSA Delete from Database,268436283,Delete from Data Store Entities,268445141,
30 Nov 2017 10:57:39 GMT,csa.projectcaseofficer,BTS_CSA,CSA_CASE_DOCUMENT,{urn:com:appian:types:BTS_CSA}CSA_caseDocument,178,CSA Delete from Database,165,CSA Delete from Database,268436283,Delete from Data Store Entities,268445141,
30 Nov 2017 10:57:39 GMT,csa.projectcaseofficer,BTS_CSA,CSA_CASE_DOCUMENT,{urn:com:appian:types:BTS_CSA}CSA_caseDocument,179,CSA Delete from Database,165,CSA Delete from Database,268436283,Delete from Data Store Entities,268445141,
30 Nov 2017 10:57:39 GMT,csa.projectcaseofficer,BTS_CSA,CSA_CASE_DOCUMENT,{urn:com:appian:types:BTS_CSA}CSA_caseDocument,180,CSA Delete from Database,165,CSA Delete from Database,268436283,Delete from Data Store Entities,268445141,
30 Nov 2017 10:57:39 GMT,csa.projectcaseofficer,BTS_CSA,CSA_CASE_DOCUMENT,{urn:com:appian:types:BTS_CSA}CSA_caseDocument,181,CSA Delete from Database,165,CSA Delete from Database,268436283,Delete from Data Store Entities,268445141,
30 Nov 2017 10:57:39 GMT,csa.projectcaseofficer,BTS_CSA,CSA_CASE_DOCUMENT,{urn:com:appian:types:BTS_CSA}CSA_caseDocument,182,CSA Delete from Database,165,CSA Delete from Database,268436283,Delete from Data Store Entities,268445141,
30 Nov 2017 10:57:39 GMT,csa.projectcaseofficer,BTS_CSA,CSA_CASE_DOCUMENT,{urn:com:appian:types:BTS_CSA}CSA_caseDocument,183,CSA Delete from Database,165,CSA Delete from Database,268436283,Delete from Data Store Entities,268445141,
30 Nov 2017 10:57:39 GMT,csa.projectcaseofficer,BTS_CSA,CSA_CASE_DOCUMENT,{urn:com:appian:types:BTS_CSA}CSA_caseDocument,184,CSA Delete from Database,165,CSA Delete from Database,268436283,Delete from Data Store Entities,268445141,
30 Nov 2017 10:57:39 GMT,csa.projectcaseofficer,BTS_CSA,CSA_CASE_DOCUMENT,{urn:com:appian:types:BTS_CSA}CSA_caseDocument,185,CSA Delete from Database,165,CSA Delete from Database,268436283,Delete from Data Store Entities,268445141,
30 Nov 2017 10:57:39 GMT,csa.projectcaseofficer,BTS_CSA,CSA_PROJECT_TEMPLATE,{urn:com:appian:types:BTS_CSA}CSA_projectTemplate,11,CSA Delete from Database,165,CSA Delete from Database,268436284,Delete from Data Store Entities,268445152,
30 Nov 2017 11:01:20 GMT,rishiraj.maken,BTS_CSA,CSA_CASE_DOCUMENT,{urn:com:appian:types:BTS_CSA}CSA_caseDocument,186,CSA Delete from Database,165,CSA Delete from Database,790,Delete from Data Store Entities,9327,
30 Nov 2017 11:01:20 GMT,rishiraj.maken,BTS_CSA,CSA_CASE_DOCUMENT,{urn:com:appian:types:BTS_CSA}CSA_caseDocument,187,CSA Delete from Database,165,CSA Delete from Database,790,Delete from Data Store Entities,9327,
30 Nov 2017 11:01:20 GMT,rishiraj.maken,BTS_CSA,CSA_CASE_DOCUMENT,{urn:com:appian:types:BTS_CSA}CSA_caseDocument,188,CSA Delete from Database,165,CSA Delete from Database,790,Delete from Data Store Entities,9327,
30 Nov 2017 11:01:20 GMT,rishiraj.maken,BTS_CSA,CSA_CASE_DOCUMENT,{urn:com:appian:types:BTS_CSA}CSA_caseDocument,189,CSA Delete from Database,165,CSA Delete from Database,790,Delete from Data Store Entities,9327,
30 Nov 2017 11:01:20 GMT,rishiraj.maken,BTS_CSA,CSA_CASE_DOCUMENT,{urn:com:appian:types:BTS_CSA}CSA_caseDocument,190,CSA Delete from Database,165,CSA Delete from Database,790,Delete from Data Store Entities,9327,
30 Nov 2017 11:01:20 GMT,rishiraj.maken,BTS_CSA,CSA_CASE_DOCUMENT,{urn:com:appian:types:BTS_CSA}CSA_caseDocument,191,CSA Delete from Database,165,CSA Delete from Database,790,Delete from Data Store Entities,9327,
30 Nov 2017 11:01:20 GMT,rishiraj.maken,BTS_CSA,CSA_CASE_DOCUMENT,{urn:com:appian:types:BTS_CSA}CSA_caseDocument,192,CSA Delete from Database,165,CSA Delete from Database,790,Delete from Data Store Entities,9327,
30 Nov 2017 11:01:20 GMT,rishiraj.maken,BTS_CSA,CSA_CASE_DOCUMENT,{urn:com:appian:types:BTS_CSA}CSA_caseDocument,193,CSA Delete from Database,165,CSA Delete from Database,790,Delete from Data Store Entities,9327,
30 Nov 2017 11:01:20 GMT,rishiraj.maken,BTS_CSA,CSA_CASE_DOCUMENT,{urn:com:appian:types:BTS_CSA}CSA_caseDocument,194,CSA Delete from Database,165,CSA Delete from Database,790,Delete from Data Store Entities,9327,
30 Nov 2017 11:01:20 GMT,rishiraj.maken,BTS_CSA,CSA_CASE_DOCUMENT,{urn:com:appian:types:BTS_CSA}CSA_caseDocument,195,CSA Delete from Database,165,CSA Delete from Database,790,Delete from Data Store Entities,9327,
30 Nov 2017 11:01:20 GMT,rishiraj.maken,BTS_CSA,CSA_CASE_DOCUMENT,{urn:com:appian:types:BTS_CSA}CSA_caseDocument,196,CSA Delete from Database,165,CSA Delete from Database,790,Delete from Data Store Entities,9327,
30 Nov 2017 11:01:20 GMT,rishiraj.maken,BTS_CSA,CSA_CASE_DOCUMENT,{urn:com:appian:types:BTS_CSA}CSA_caseDocument,197,CSA Delete from Database,165,CSA Delete from Database,790,Delete from Data Store Entities,9327,
30 Nov 2017 11:01:20 GMT,rishiraj.maken,BTS_CSA,CSA_CASE_DOCUMENT,{urn:com:appian:types:BTS_CSA}CSA_caseDocument,198,CSA Delete from Database,165,CSA Delete from Database,790,Delete from Data Store Entities,9327,
30 Nov 2017 11:01:20 GMT,rishiraj.maken,BTS_CSA,CSA_CASE_DOCUMENT,{urn:com:appian:types:BTS_CSA}CSA_caseDocument,199,CSA Delete from Database,165,CSA Delete from Database,790,Delete from Data Store Entities,9327,
30 Nov 2017 11:01:20 GMT,rishiraj.maken,BTS_CSA,CSA_CASE_DOCUMENT,{urn:com:appian:types:BTS_CSA}CSA_caseDocument,200,CSA Delete from Database,165,CSA Delete from Database,790,Delete from Data Store Entities,9327,
1 Dec 2017 12:30:14 GMT,abhilash.pal,BTS_CSA,CSA_CASE_DOCUMENT,{urn:com:appian:types:BTS_CSA}CSA_caseDocument,288,CSA Delete from Database,165,CSA Delete from Database,536872423,Delete from Data Store Entities,536870912,
1 Dec 2017 12:31:01 GMT,abhilash.pal,BTS_CSA,CSA_CASE_DOCUMENT,{urn:com:appian:types:BTS_CSA}CSA_caseDocument,289,CSA Delete from Database,165,CSA Delete from Database,536872430,Delete from Data Store Entities,536870981,
1 Dec 2017 12:37:25 GMT,csa.projectcaseofficer,BTS_CSA,CSA_CASE_DOCUMENT,{urn:com:appian:types:BTS_CSA}CSA_caseDocument,292,CSA Delete from Database,165,CSA Delete from Database,536872444,Delete from Data Store Entities,536871154,
1 Dec 2017 12:38:41 GMT,csa.projectcaseofficer,BTS_CSA,CSA_CASE_DOCUMENT,{urn:com:appian:types:BTS_CSA}CSA_caseDocument,293,CSA Delete from Database,165,CSA Delete from Database,536872451,Delete from Data Store Entities,536871273,
1 Dec 2017 12:39:41 GMT,csa.projectcaseofficer,BTS_CSA,CSA_CASE_DOCUMENT,{urn:com:appian:types:BTS_CSA}CSA_caseDocument,294,CSA Delete from Database,165,CSA Delete from Database,536872458,Delete from Data Store Entities,536871366,
1 Dec 2017 14:40:07 GMT,rishiraj.maken,BTS_CSA,CSA_CASE_DOCUMENT,{urn:com:appian:types:BTS_CSA}CSA_caseDocument,95,CSA Delete from Database,165,CSA Delete from Database,268436854,Delete from Data Store Entities,268451455,
1 Dec 2017 16:00:18 GMT,rishiraj.maken,BTS_CSA,CSA_CASE_DOCUMENT,{urn:com:appian:types:BTS_CSA}CSA_caseDocument,96,CSA Delete from Database,165,CSA Delete from Database,268436879,Delete from Data Store Entities,268451782,
2 Dec 2017 06:30:55 GMT,csa.projectadmin,BTS_CSA,BTS_PROJECT_USER_MAPPING,{urn:com:appian:types:BTS_CSA}BTS_projectUserMapping,17,CSA Delete from Database,165,CSA Delete from Database,268436910,Delete from Data Store Entities,268452435,
5 Dec 2017 08:42:30 GMT,csa.companyadmin,BTS_CSA,BTS_PROJECT_USER_MAPPING,{urn:com:appian:types:BTS_CSA}BTS_projectUserMapping,25,CSA Delete from Database,165,Delete From Database,268437666,Delete from Data Store Entities,268441980,
5 Dec 2017 16:50:48 GMT,siddharthg2@appcino.com,BTS_CSA,CSA_CASE_DOCUMENT,{urn:com:appian:types:BTS_CSA}CSA_caseDocument,623,CSA Delete from Database,165,Delete From Database,268438178,Delete from Data Store Entities,268454435,
5 Dec 2017 17:24:15 GMT,csa.companyadmin,BTS_CSA,CSA_CASE_DOCUMENT,{urn:com:appian:types:BTS_CSA}CSA_caseDocument,624,CSA Delete from Database,165,Delete From Database,536874517,Delete from Data Store Entities,536892603,
5 Dec 2017 17:24:15 GMT,csa.companyadmin,BTS_CSA,CSA_PROJECT_TEMPLATE,{urn:com:appian:types:BTS_CSA}CSA_projectTemplate,27,CSA Delete from Database,165,Delete From Database,536874518,Delete from Data Store Entities,536892614,
5 Dec 2017 17:24:15 GMT,csa.companyadmin,BTS_CSA,CSA_PROJECT_TEMPLATE,{urn:com:appian:types:BTS_CSA}CSA_projectTemplate,28,CSA Delete from Database,165,Delete From Database,536874518,Delete from Data Store Entities,536892614,
6 Dec 2017 07:08:14 GMT,siddharthg2@appcino.com,BTS_CSA,CSA_CASE_DOCUMENT,{urn:com:appian:types:BTS_CSA}CSA_caseDocument,646,CSA Delete from Database,165,Delete From Database,268438360,Delete from Data Store Entities,268440917,
6 Dec 2017 08:22:25 GMT,siddharthg2@appcino.com,BTS_CSA,CSA_CASE_DOCUMENT,{urn:com:appian:types:BTS_CSA}CSA_caseDocument,648,CSA Delete from Database,165,Delete From Database,268438562,Delete from Data Store Entities,268445386,
6 Dec 2017 09:40:07 GMT,csa.companyadmin,BTS_CSA,BTS_PROJECT_USER_MAPPING,{urn:com:appian:types:BTS_CSA}BTS_projectUserMapping,29,CSA Delete from Database,165,Delete From Database,1987,Delete from Data Store Entities,7603,
6 Dec 2017 09:40:40 GMT,csa.companyadmin,BTS_CSA,BTS_PROJECT_USER_MAPPING,{urn:com:appian:types:BTS_CSA}BTS_projectUserMapping,28,CSA Delete from Database,165,Delete From Database,1993,Delete from Data Store Entities,7835,
6 Dec 2017 12:34:07 GMT,hopringen123@yopmail.com,BTS_CSA,CSA_CASE_DOCUMENT,{urn:com:appian:types:BTS_CSA}CSA_caseDocument,661,CSA Delete from Database,165,Delete From Database,268438950,Delete from Data Store Entities,268435869,
6 Dec 2017 12:34:07 GMT,hopringen123@yopmail.com,BTS_CSA,CSA_CASE_DOCUMENT,{urn:com:appian:types:BTS_CSA}CSA_caseDocument,662,CSA Delete from Database,165,Delete From Database,268438950,Delete from Data Store Entities,268435869,
6 Dec 2017 12:34:08 GMT,hopringen123@yopmail.com,BTS_CSA,CSA_PROJECT_TEMPLATE,{urn:com:appian:types:BTS_CSA}CSA_projectTemplate,35,CSA Delete from Database,165,Delete From Database,268438951,Delete from Data Store Entities,268435886,
6 Dec 2017 12:34:08 GMT,hopringen123@yopmail.com,BTS_CSA,CSA_PROJECT_TEMPLATE,{urn:com:appian:types:BTS_CSA}CSA_projectTemplate,36,CSA Delete from Database,165,Delete From Database,268438951,Delete from Data Store Entities,268435886,
6 Dec 2017 12:44:16 GMT,rishiraj.maken,BTS_CSA,BTS_PROJECT_USER_MAPPING,{urn:com:appian:types:BTS_CSA}BTS_projectUserMapping,31,CSA Delete from Database,165,Delete From Database,536874861,Delete from Data Store Entities,536883468,
6 Dec 2017 12:49:35 GMT,siddharthg2@appcino.com,BTS_CSA,CSA_CASE_DOCUMENT,{urn:com:appian:types:BTS_CSA}CSA_caseDocument,687,CSA Delete from Database,165,Delete From Database,536874877,Delete from Data Store Entities,536884043,
6 Dec 2017 12:49:35 GMT,siddharthg2@appcino.com,BTS_CSA,CSA_CASE_DOCUMENT,{urn:com:appian:types:BTS_CSA}CSA_caseDocument,688,CSA Delete from Database,165,Delete From Database,536874877,Delete from Data Store Entities,536884043,
6 Dec 2017 13:26:32 GMT,rishiraj.maken,BTS_CSA,BTS_PROJECT_USER_MAPPING,{urn:com:appian:types:BTS_CSA}BTS_projectUserMapping,33,CSA Delete from Database,165,Delete From Database,2229,Delete from Data Store Entities,15597,
6 Dec 2017 13:37:32 GMT,rishiraj.maken,BTS_CSA,BTS_PROJECT_USER_MAPPING,{urn:com:appian:types:BTS_CSA}BTS_projectUserMapping,34,CSA Delete from Database,165,Delete From Database,536875034,Delete from Data Store Entities,536889867,
6 Dec 2017 13:45:44 GMT,rishiraj.maken,BTS_CSA,BTS_PROJECT_USER_MAPPING,{urn:com:appian:types:BTS_CSA}BTS_projectUserMapping,35,CSA Delete from Database,165,Delete From Database,2313,Delete from Data Store Entities,16943,
6 Dec 2017 13:59:50 GMT,rishiraj.maken,BTS_CSA,BTS_PROJECT_USER_MAPPING,{urn:com:appian:types:BTS_CSA}BTS_projectUserMapping,36,CSA Delete from Database,165,Delete From Database,268439067,Delete from Data Store Entities,268439974,
6 Dec 2017 14:28:34 GMT,siddharthg2@appcino.com,BTS_CSA,CSA_CASE_DOCUMENT,{urn:com:appian:types:BTS_CSA}CSA_caseDocument,693,CSA Delete from Database,165,Delete From Database,268439175,Delete from Data Store Entities,268443315,
6 Dec 2017 14:28:34 GMT,siddharthg2@appcino.com,BTS_CSA,CSA_CASE_DOCUMENT,{urn:com:appian:types:BTS_CSA}CSA_caseDocument,694,CSA Delete from Database,165,Delete From Database,268439175,Delete from Data Store Entities,268443315,
6 Dec 2017 15:02:12 GMT,siddharthg2@appcino.com,BTS_CSA,CSA_CASE_DOCUMENT,{urn:com:appian:types:BTS_CSA}CSA_caseDocument,722,CSA Delete from Database,165,Delete From Database,2483,Delete from Data Store Entities,19175,
6 Dec 2017 15:02:12 GMT,siddharthg2@appcino.com,BTS_CSA,CSA_CASE_DOCUMENT,{urn:com:appian:types:BTS_CSA}CSA_caseDocument,723,CSA Delete from Database,165,Delete From Database,2483,Delete from Data Store Entities,19175,
6 Dec 2017 15:50:49 GMT,siddharthg2@appcino.com,BTS_CSA,CSA_CASE_DOCUMENT,{urn:com:appian:types:BTS_CSA}CSA_caseDocument,739,CSA Delete from Database,165,Delete From Database,2525,Delete from Data Store Entities,479,
6 Dec 2017 17:11:40 GMT,siddharthg2@appcino.com,BTS_CSA,CSA_CASE_DOCUMENT,{urn:com:appian:types:BTS_CSA}CSA_caseDocument,769,CSA Delete from Database,165,Delete From Database,268439569,Delete from Data Store Entities,268457176,
6 Dec 2017 17:11:40 GMT,siddharthg2@appcino.com,BTS_CSA,CSA_CASE_DOCUMENT,{urn:com:appian:types:BTS_CSA}CSA_caseDocument,770,CSA Delete from Database,165,Delete From Database,268439569,Delete from Data Store Entities,268457176,
6 Dec 2017 17:11:40 GMT,siddharthg2@appcino.com,BTS_CSA,CSA_CASE_DOCUMENT,{urn:com:appian:types:BTS_CSA}CSA_caseDocument,771,CSA Delete from Database,165,Delete From Database,268439569,Delete from Data Store Entities,268457176,
6 Dec 2017 17:11:40 GMT,siddharthg2@appcino.com,BTS_CSA,CSA_CASE_DOCUMENT,{urn:com:appian:types:BTS_CSA}CSA_caseDocument,772,CSA Delete from Database,165,Delete From Database,268439569,Delete from Data Store Entities,268457176,
7 Dec 2017 07:40:25 GMT,csa.companyadmin,BTS_CSA,BTS_PROJECT_USER_MAPPING,{urn:com:appian:types:BTS_CSA}BTS_projectUserMapping,42,CSA Delete from Database,165,Delete From Database,268440081,Delete from Data Store Entities,268448686,
7 Dec 2017 11:23:53 GMT,csa.companyadmin,BTS_CSA,BTS_PROJECT_USER_MAPPING,{urn:com:appian:types:BTS_CSA}BTS_projectUserMapping,44,CSA Delete from Database,165,Delete From Database,268440487,Delete from Data Store Entities,268461412,
7 Dec 2017 11:49:48 GMT,csa.companyadmin,BTS_CSA,BTS_PROJECT_USER_MAPPING,{urn:com:appian:types:BTS_CSA}BTS_projectUserMapping,45,CSA Delete from Database,165,Delete From Database,536876524,Delete from Data Store Entities,536890659,
7 Dec 2017 11:50:54 GMT,siddharthg2@appcino.com,BTS_CSA,CSA_CASE_DOCUMENT,{urn:com:appian:types:BTS_CSA}CSA_caseDocument,832,CSA Delete from Database,165,Delete From Database,268440672,Delete from Data Store Entities,268442667,
7 Dec 2017 11:50:54 GMT,siddharthg2@appcino.com,BTS_CSA,CSA_CASE_DOCUMENT,{urn:com:appian:types:BTS_CSA}CSA_caseDocument,833,CSA Delete from Database,165,Delete From Database,268440672,Delete from Data Store Entities,268442667,
7 Dec 2017 11:50:54 GMT,siddharthg2@appcino.com,BTS_CSA,CSA_CASE_DOCUMENT,{urn:com:appian:types:BTS_CSA}CSA_caseDocument,834,CSA Delete from Database,165,Delete From Database,268440672,Delete from Data Store Entities,268442667,
7 Dec 2017 11:50:54 GMT,siddharthg2@appcino.com,BTS_CSA,CSA_CASE_DOCUMENT,{urn:com:appian:types:BTS_CSA}CSA_caseDocument,835,CSA Delete from Database,165,Delete From Database,268440672,Delete from Data Store Entities,268442667,
7 Dec 2017 14:27:27 GMT,siddharthg2@appcino.com,BTS_CSA,CSA_CASE_DOCUMENT,{urn:com:appian:types:BTS_CSA}CSA_caseDocument,643,CSA Delete from Database,165,Delete From Database,536876856,Delete from Data Store Entities,536899923,
7 Dec 2017 15:43:57 GMT,csa.companyadmin,BTS_CSA,BTS_PROJECT_USER_MAPPING,{urn:com:appian:types:BTS_CSA}BTS_projectUserMapping,46,CSA Delete from Database,165,Delete From Database,4198,Delete from Data Store Entities,3510,
11 Dec 2017 06:48:11 GMT,jonny.bratseth@btsignaal.com,BTS_CSA,CSA_CASE_DOCUMENT,{urn:com:appian:types:BTS_CSA}CSA_caseDocument,1056,CSA Delete from Database,165,Delete From Database,268441905,Delete from Data Store Entities,268442766,
11 Dec 2017 08:56:19 GMT,rishiraj.maken,BTS_CSA,CSA_CASE_DOCUMENT,{urn:com:appian:types:BTS_CSA}CSA_caseDocument,1232,CSA Delete from Database,165,Delete From Database,268442060,Delete from Data Store Entities,268449623,
11 Dec 2017 08:56:20 GMT,rishiraj.maken,BTS_CSA,CSA_PROJECT_TEMPLATE,{urn:com:appian:types:BTS_CSA}CSA_projectTemplate,49,CSA Delete from Database,165,Delete From Database,268442061,Delete from Data Store Entities,268449643,
11 Dec 2017 08:56:20 GMT,rishiraj.maken,BTS_CSA,CSA_PROJECT_TEMPLATE,{urn:com:appian:types:BTS_CSA}CSA_projectTemplate,51,CSA Delete from Database,165,Delete From Database,268442061,Delete from Data Store Entities,268449643,
11 Dec 2017 09:03:47 GMT,jonny.bratseth@btsignaal.com,BTS_CSA,CSA_CASE_DOCUMENT,{urn:com:appian:types:BTS_CSA}CSA_caseDocument,1269,CSA Delete from Database,165,Delete From Database,536877805,Delete from Data Store Entities,536873463,
12 Dec 2017 10:33:34 GMT,test.caseofficer2@yopmail.com,BTS_CSA,CSA_CASE_DOCUMENT,{urn:com:appian:types:BTS_CSA}CSA_caseDocument,1322,CSA Delete from Database,165,Delete From Database,5106,Delete from Data Store Entities,18806,
12 Dec 2017 10:33:34 GMT,test.caseofficer2@yopmail.com,BTS_CSA,CSA_CASE_DOCUMENT,{urn:com:appian:types:BTS_CSA}CSA_caseDocument,1323,CSA Delete from Database,165,Delete From Database,5106,Delete from Data Store Entities,18806,
12 Dec 2017 10:33:34 GMT,test.caseofficer2@yopmail.com,BTS_CSA,CSA_CASE_DOCUMENT,{urn:com:appian:types:BTS_CSA}CSA_caseDocument,1324,CSA Delete from Database,165,Delete From Database,5106,Delete from Data Store Entities,18806,
12 Dec 2017 10:33:34 GMT,test.caseofficer2@yopmail.com,BTS_CSA,CSA_CASE_DOCUMENT,{urn:com:appian:types:BTS_CSA}CSA_caseDocument,1325,CSA Delete from Database,165,Delete From Database,5106,Delete from Data Store Entities,18806,
12 Dec 2017 10:33:34 GMT,test.caseofficer2@yopmail.com,BTS_CSA,CSA_CASE_DOCUMENT,{urn:com:appian:types:BTS_CSA}CSA_caseDocument,1326,CSA Delete from Database,165,Delete From Database,5106,Delete from Data Store Entities,18806,
12 Dec 2017 10:33:34 GMT,test.caseofficer2@yopmail.com,BTS_CSA,CSA_CASE_DOCUMENT,{urn:com:appian:types:BTS_CSA}CSA_caseDocument,1327,CSA Delete from Database,165,Delete From Database,5106,Delete from Data Store Entities,18806,
12 Dec 2017 10:33:34 GMT,test.caseofficer2@yopmail.com,BTS_CSA,CSA_CASE_DOCUMENT,{urn:com:appian:types:BTS_CSA}CSA_caseDocument,1328,CSA Delete from Database,165,Delete From Database,5106,Delete from Data Store Entities,18806,
12 Dec 2017 10:33:34 GMT,test.caseofficer2@yopmail.com,BTS_CSA,CSA_CASE_DOCUMENT,{urn:com:appian:types:BTS_CSA}CSA_caseDocument,1329,CSA Delete from Database,165,Delete From Database,5106,Delete from Data Store Entities,18806,
12 Dec 2017 10:33:34 GMT,test.caseofficer2@yopmail.com,BTS_CSA,CSA_CASE_DOCUMENT,{urn:com:appian:types:BTS_CSA}CSA_caseDocument,1330,CSA Delete from Database,165,Delete From Database,5106,Delete from Data Store Entities,18806,
12 Dec 2017 10:33:34 GMT,test.caseofficer2@yopmail.com,BTS_CSA,CSA_CASE_DOCUMENT,{urn:com:appian:types:BTS_CSA}CSA_caseDocument,1331,CSA Delete from Database,165,Delete From Database,5106,Delete from Data Store Entities,18806,
12 Dec 2017 10:33:34 GMT,test.caseofficer2@yopmail.com,BTS_CSA,CSA_CASE_DOCUMENT,{urn:com:appian:types:BTS_CSA}CSA_caseDocument,1332,CSA Delete from Database,165,Delete From Database,5106,Delete from Data Store Entities,18806,
12 Dec 2017 10:33:34 GMT,test.caseofficer2@yopmail.com,BTS_CSA,CSA_CASE_DOCUMENT,{urn:com:appian:types:BTS_CSA}CSA_caseDocument,1333,CSA Delete from Database,165,Delete From Database,5106,Delete from Data Store Entities,18806,
12 Dec 2017 10:33:34 GMT,test.caseofficer2@yopmail.com,BTS_CSA,CSA_CASE_DOCUMENT,{urn:com:appian:types:BTS_CSA}CSA_caseDocument,1334,CSA Delete from Database,165,Delete From Database,5106,Delete from Data Store Entities,18806,
12 Dec 2017 10:33:34 GMT,test.caseofficer2@yopmail.com,BTS_CSA,CSA_CASE_DOCUMENT,{urn:com:appian:types:BTS_CSA}CSA_caseDocument,1335,CSA Delete from Database,165,Delete From Database,5106,Delete from Data Store Entities,18806,
12 Dec 2017 10:33:35 GMT,test.caseofficer2@yopmail.com,BTS_CSA,CSA_PROJECT_TEMPLATE,{urn:com:appian:types:BTS_CSA}CSA_projectTemplate,55,CSA Delete from Database,165,Delete From Database,5107,Delete from Data Store Entities,18828,
12 Dec 2017 10:36:56 GMT,rishiraj.maken,BTS_CSA,CSA_CASE_DOCUMENT,{urn:com:appian:types:BTS_CSA}CSA_caseDocument,1336,CSA Delete from Database,165,Delete From Database,5117,Delete from Data Store Entities,19046,
12 Dec 2017 10:36:56 GMT,rishiraj.maken,BTS_CSA,CSA_CASE_DOCUMENT,{urn:com:appian:types:BTS_CSA}CSA_caseDocument,1337,CSA Delete from Database,165,Delete From Database,5117,Delete from Data Store Entities,19046,
12 Dec 2017 10:36:56 GMT,rishiraj.maken,BTS_CSA,CSA_CASE_DOCUMENT,{urn:com:appian:types:BTS_CSA}CSA_caseDocument,1338,CSA Delete from Database,165,Delete From Database,5117,Delete from Data Store Entities,19046,
12 Dec 2017 10:36:56 GMT,rishiraj.maken,BTS_CSA,CSA_CASE_DOCUMENT,{urn:com:appian:types:BTS_CSA}CSA_caseDocument,1339,CSA Delete from Database,165,Delete From Database,5117,Delete from Data Store Entities,19046,
12 Dec 2017 10:36:56 GMT,rishiraj.maken,BTS_CSA,CSA_CASE_DOCUMENT,{urn:com:appian:types:BTS_CSA}CSA_caseDocument,1340,CSA Delete from Database,165,Delete From Database,5117,Delete from Data Store Entities,19046,
12 Dec 2017 10:36:56 GMT,rishiraj.maken,BTS_CSA,CSA_CASE_DOCUMENT,{urn:com:appian:types:BTS_CSA}CSA_caseDocument,1341,CSA Delete from Database,165,Delete From Database,5117,Delete from Data Store Entities,19046,
12 Dec 2017 10:36:56 GMT,rishiraj.maken,BTS_CSA,CSA_CASE_DOCUMENT,{urn:com:appian:types:BTS_CSA}CSA_caseDocument,1342,CSA Delete from Database,165,Delete From Database,5117,Delete from Data Store Entities,19046,
12 Dec 2017 10:36:56 GMT,rishiraj.maken,BTS_CSA,CSA_CASE_DOCUMENT,{urn:com:appian:types:BTS_CSA}CSA_caseDocument,1343,CSA Delete from Database,165,Delete From Database,5117,Delete from Data Store Entities,19046,
12 Dec 2017 10:36:56 GMT,rishiraj.maken,BTS_CSA,CSA_CASE_DOCUMENT,{urn:com:appian:types:BTS_CSA}CSA_caseDocument,1344,CSA Delete from Database,165,Delete From Database,5117,Delete from Data Store Entities,19046,
12 Dec 2017 10:36:56 GMT,rishiraj.maken,BTS_CSA,CSA_CASE_DOCUMENT,{urn:com:appian:types:BTS_CSA}CSA_caseDocument,1345,CSA Delete from Database,165,Delete From Database,5117,Delete from Data Store Entities,19046,
12 Dec 2017 10:36:56 GMT,rishiraj.maken,BTS_CSA,CSA_CASE_DOCUMENT,{urn:com:appian:types:BTS_CSA}CSA_caseDocument,1346,CSA Delete from Database,165,Delete From Database,5117,Delete from Data Store Entities,19046,
12 Dec 2017 10:36:56 GMT,rishiraj.maken,BTS_CSA,CSA_CASE_DOCUMENT,{urn:com:appian:types:BTS_CSA}CSA_caseDocument,1347,CSA Delete from Database,165,Delete From Database,5117,Delete from Data Store Entities,19046,
12 Dec 2017 10:36:56 GMT,rishiraj.maken,BTS_CSA,CSA_CASE_DOCUMENT,{urn:com:appian:types:BTS_CSA}CSA_caseDocument,1348,CSA Delete from Database,165,Delete From Database,5117,Delete from Data Store Entities,19046,
12 Dec 2017 10:36:56 GMT,rishiraj.maken,BTS_CSA,CSA_CASE_DOCUMENT,{urn:com:appian:types:BTS_CSA}CSA_caseDocument,1349,CSA Delete from Database,165,Delete From Database,5117,Delete from Data Store Entities,19046,
12 Dec 2017 10:36:56 GMT,rishiraj.maken,BTS_CSA,CSA_PROJECT_TEMPLATE,{urn:com:appian:types:BTS_CSA}CSA_projectTemplate,56,CSA Delete from Database,165,Delete From Database,5118,Delete from Data Store Entities,19058,
12 Dec 2017 12:12:42 GMT,rishiraj.maken,BTS_CSA,CSA_CASE_DOCUMENT,{urn:com:appian:types:BTS_CSA}CSA_caseDocument,1362,CSA Delete from Database,165,Delete From Database,5149,Delete from Data Store Entities,19968,
12 Dec 2017 12:12:42 GMT,rishiraj.maken,BTS_CSA,CSA_CASE_DOCUMENT,{urn:com:appian:types:BTS_CSA}CSA_caseDocument,1363,CSA Delete from Database,165,Delete From Database,5149,Delete from Data Store Entities,19968,
12 Dec 2017 12:12:42 GMT,rishiraj.maken,BTS_CSA,CSA_CASE_DOCUMENT,{urn:com:appian:types:BTS_CSA}CSA_caseDocument,1350,CSA Delete from Database,165,Delete From Database,5149,Delete from Data Store Entities,19968,
12 Dec 2017 12:12:42 GMT,rishiraj.maken,BTS_CSA,CSA_CASE_DOCUMENT,{urn:com:appian:types:BTS_CSA}CSA_caseDocument,1351,CSA Delete from Database,165,Delete From Database,5149,Delete from Data Store Entities,19968,
12 Dec 2017 12:12:42 GMT,rishiraj.maken,BTS_CSA,CSA_CASE_DOCUMENT,{urn:com:appian:types:BTS_CSA}CSA_caseDocument,1352,CSA Delete from Database,165,Delete From Database,5149,Delete from Data Store Entities,19968,
12 Dec 2017 12:12:42 GMT,rishiraj.maken,BTS_CSA,CSA_CASE_DOCUMENT,{urn:com:appian:types:BTS_CSA}CSA_caseDocument,1353,CSA Delete from Database,165,Delete From Database,5149,Delete from Data Store Entities,19968,
12 Dec 2017 12:12:42 GMT,rishiraj.maken,BTS_CSA,CSA_CASE_DOCUMENT,{urn:com:appian:types:BTS_CSA}CSA_caseDocument,1354,CSA Delete from Database,165,Delete From Database,5149,Delete from Data Store Entities,19968,
12 Dec 2017 12:12:42 GMT,rishiraj.maken,BTS_CSA,CSA_CASE_DOCUMENT,{urn:com:appian:types:BTS_CSA}CSA_caseDocument,1355,CSA Delete from Database,165,Delete From Database,5149,Delete from Data Store Entities,19968,
12 Dec 2017 12:12:42 GMT,rishiraj.maken,BTS_CSA,CSA_CASE_DOCUMENT,{urn:com:appian:types:BTS_CSA}CSA_caseDocument,1356,CSA Delete from Database,165,Delete From Database,5149,Delete from Data Store Entities,19968,
12 Dec 2017 12:12:42 GMT,rishiraj.maken,BTS_CSA,CSA_CASE_DOCUMENT,{urn:com:appian:types:BTS_CSA}CSA_caseDocument,1357,CSA Delete from Database,165,Delete From Database,5149,Delete from Data Store Entities,19968,
12 Dec 2017 12:12:42 GMT,rishiraj.maken,BTS_CSA,CSA_CASE_DOCUMENT,{urn:com:appian:types:BTS_CSA}CSA_caseDocument,1358,CSA Delete from Database,165,Delete From Database,5149,Delete from Data Store Entities,19968,
12 Dec 2017 12:12:42 GMT,rishiraj.maken,BTS_CSA,CSA_CASE_DOCUMENT,{urn:com:appian:types:BTS_CSA}CSA_caseDocument,1359,CSA Delete from Database,165,Delete From Database,5149,Delete from Data Store Entities,19968,
12 Dec 2017 12:12:42 GMT,rishiraj.maken,BTS_CSA,CSA_CASE_DOCUMENT,{urn:com:appian:types:BTS_CSA}CSA_caseDocument,1360,CSA Delete from Database,165,Delete From Database,5149,Delete from Data Store Entities,19968,
12 Dec 2017 12:12:42 GMT,rishiraj.maken,BTS_CSA,CSA_CASE_DOCUMENT,{urn:com:appian:types:BTS_CSA}CSA_caseDocument,1361,CSA Delete from Database,165,Delete From Database,5149,Delete from Data Store Entities,19968,
12 Dec 2017 12:12:42 GMT,rishiraj.maken,BTS_CSA,CSA_PROJECT_TEMPLATE,{urn:com:appian:types:BTS_CSA}CSA_projectTemplate,57,CSA Delete from Database,165,Delete From Database,5150,Delete from Data Store Entities,19979,
12 Dec 2017 12:27:12 GMT,rishiraj.maken,BTS_CSA,CSA_CASE_DOCUMENT,{urn:com:appian:types:BTS_CSA}CSA_caseDocument,1379,CSA Delete from Database,165,Delete From Database,268442322,Delete from Data Store Entities,268440866,
12 Dec 2017 12:27:12 GMT,rishiraj.maken,BTS_CSA,CSA_CASE_DOCUMENT,{urn:com:appian:types:BTS_CSA}CSA_caseDocument,1380,CSA Delete from Database,165,Delete From Database,268442322,Delete from Data Store Entities,268440866,
12 Dec 2017 12:27:12 GMT,rishiraj.maken,BTS_CSA,CSA_CASE_DOCUMENT,{urn:com:appian:types:BTS_CSA}CSA_caseDocument,1367,CSA Delete from Database,165,Delete From Database,268442322,Delete from Data Store Entities,268440866,
12 Dec 2017 12:27:12 GMT,rishiraj.maken,BTS_CSA,CSA_CASE_DOCUMENT,{urn:com:appian:types:BTS_CSA}CSA_caseDocument,1368,CSA Delete from Database,165,Delete From Database,268442322,Delete from Data Store Entities,268440866,
12 Dec 2017 12:27:12 GMT,rishiraj.maken,BTS_CSA,CSA_CASE_DOCUMENT,{urn:com:appian:types:BTS_CSA}CSA_caseDocument,1369,CSA Delete from Database,165,Delete From Database,268442322,Delete from Data Store Entities,268440866,
12 Dec 2017 12:27:12 GMT,rishiraj.maken,BTS_CSA,CSA_CASE_DOCUMENT,{urn:com:appian:types:BTS_CSA}CSA_caseDocument,1370,CSA Delete from Database,165,Delete From Database,268442322,Delete from Data Store Entities,268440866,
12 Dec 2017 12:27:12 GMT,rishiraj.maken,BTS_CSA,CSA_CASE_DOCUMENT,{urn:com:appian:types:BTS_CSA}CSA_caseDocument,1371,CSA Delete from Database,165,Delete From Database,268442322,Delete from Data Store Entities,268440866,
12 Dec 2017 12:27:12 GMT,rishiraj.maken,BTS_CSA,CSA_CASE_DOCUMENT,{urn:com:appian:types:BTS_CSA}CSA_caseDocument,1372,CSA Delete from Database,165,Delete From Database,268442322,Delete from Data Store Entities,268440866,
12 Dec 2017 12:27:12 GMT,rishiraj.maken,BTS_CSA,CSA_CASE_DOCUMENT,{urn:com:appian:types:BTS_CSA}CSA_caseDocument,1373,CSA Delete from Database,165,Delete From Database,268442322,Delete from Data Store Entities,268440866,
12 Dec 2017 12:27:12 GMT,rishiraj.maken,BTS_CSA,CSA_CASE_DOCUMENT,{urn:com:appian:types:BTS_CSA}CSA_caseDocument,1374,CSA Delete from Database,165,Delete From Database,268442322,Delete from Data Store Entities,268440866,
12 Dec 2017 12:27:12 GMT,rishiraj.maken,BTS_CSA,CSA_CASE_DOCUMENT,{urn:com:appian:types:BTS_CSA}CSA_caseDocument,1375,CSA Delete from Database,165,Delete From Database,268442322,Delete from Data Store Entities,268440866,
12 Dec 2017 12:27:12 GMT,rishiraj.maken,BTS_CSA,CSA_CASE_DOCUMENT,{urn:com:appian:types:BTS_CSA}CSA_caseDocument,1376,CSA Delete from Database,165,Delete From Database,268442322,Delete from Data Store Entities,268440866,
12 Dec 2017 12:27:12 GMT,rishiraj.maken,BTS_CSA,CSA_CASE_DOCUMENT,{urn:com:appian:types:BTS_CSA}CSA_caseDocument,1377,CSA Delete from Database,165,Delete From Database,268442322,Delete from Data Store Entities,268440866,
12 Dec 2017 12:27:12 GMT,rishiraj.maken,BTS_CSA,CSA_CASE_DOCUMENT,{urn:com:appian:types:BTS_CSA}CSA_caseDocument,1378,CSA Delete from Database,165,Delete From Database,268442322,Delete from Data Store Entities,268440866,
12 Dec 2017 12:27:12 GMT,rishiraj.maken,BTS_CSA,CSA_PROJECT_TEMPLATE,{urn:com:appian:types:BTS_CSA}CSA_projectTemplate,58,CSA Delete from Database,165,Delete From Database,268442323,Delete from Data Store Entities,268440916,
12 Dec 2017 12:43:22 GMT,rishiraj.maken,BTS_CSA,CSA_CASE_DOCUMENT,{urn:com:appian:types:BTS_CSA}CSA_caseDocument,1387,CSA Delete from Database,165,Delete From Database,5158,Delete from Data Store Entities,20686,
12 Dec 2017 12:43:22 GMT,rishiraj.maken,BTS_CSA,CSA_CASE_DOCUMENT,{urn:com:appian:types:BTS_CSA}CSA_caseDocument,1388,CSA Delete from Database,165,Delete From Database,5158,Delete from Data Store Entities,20686,
12 Dec 2017 12:43:22 GMT,rishiraj.maken,BTS_CSA,CSA_CASE_DOCUMENT,{urn:com:appian:types:BTS_CSA}CSA_caseDocument,1389,CSA Delete from Database,165,Delete From Database,5158,Delete from Data Store Entities,20686,
12 Dec 2017 12:43:22 GMT,rishiraj.maken,BTS_CSA,CSA_CASE_DOCUMENT,{urn:com:appian:types:BTS_CSA}CSA_caseDocument,1390,CSA Delete from Database,165,Delete From Database,5158,Delete from Data Store Entities,20686,
12 Dec 2017 12:43:22 GMT,rishiraj.maken,BTS_CSA,CSA_CASE_DOCUMENT,{urn:com:appian:types:BTS_CSA}CSA_caseDocument,1391,CSA Delete from Database,165,Delete From Database,5158,Delete from Data Store Entities,20686,
12 Dec 2017 12:43:22 GMT,rishiraj.maken,BTS_CSA,CSA_CASE_DOCUMENT,{urn:com:appian:types:BTS_CSA}CSA_caseDocument,1392,CSA Delete from Database,165,Delete From Database,5158,Delete from Data Store Entities,20686,
12 Dec 2017 12:43:22 GMT,rishiraj.maken,BTS_CSA,CSA_CASE_DOCUMENT,{urn:com:appian:types:BTS_CSA}CSA_caseDocument,1393,CSA Delete from Database,165,Delete From Database,5158,Delete from Data Store Entities,20686,
12 Dec 2017 12:43:22 GMT,rishiraj.maken,BTS_CSA,CSA_CASE_DOCUMENT,{urn:com:appian:types:BTS_CSA}CSA_caseDocument,1394,CSA Delete from Database,165,Delete From Database,5158,Delete from Data Store Entities,20686,
12 Dec 2017 12:43:22 GMT,rishiraj.maken,BTS_CSA,CSA_CASE_DOCUMENT,{urn:com:appian:types:BTS_CSA}CSA_caseDocument,1381,CSA Delete from Database,165,Delete From Database,5158,Delete from Data Store Entities,20686,
12 Dec 2017 12:43:22 GMT,rishiraj.maken,BTS_CSA,CSA_CASE_DOCUMENT,{urn:com:appian:types:BTS_CSA}CSA_caseDocument,1382,CSA Delete from Database,165,Delete From Database,5158,Delete from Data Store Entities,20686,
12 Dec 2017 12:43:22 GMT,rishiraj.maken,BTS_CSA,CSA_CASE_DOCUMENT,{urn:com:appian:types:BTS_CSA}CSA_caseDocument,1383,CSA Delete from Database,165,Delete From Database,5158,Delete from Data Store Entities,20686,
12 Dec 2017 12:43:22 GMT,rishiraj.maken,BTS_CSA,CSA_CASE_DOCUMENT,{urn:com:appian:types:BTS_CSA}CSA_caseDocument,1384,CSA Delete from Database,165,Delete From Database,5158,Delete from Data Store Entities,20686,
12 Dec 2017 12:43:22 GMT,rishiraj.maken,BTS_CSA,CSA_CASE_DOCUMENT,{urn:com:appian:types:BTS_CSA}CSA_caseDocument,1385,CSA Delete from Database,165,Delete From Database,5158,Delete from Data Store Entities,20686,
12 Dec 2017 12:43:22 GMT,rishiraj.maken,BTS_CSA,CSA_CASE_DOCUMENT,{urn:com:appian:types:BTS_CSA}CSA_caseDocument,1386,CSA Delete from Database,165,Delete From Database,5158,Delete from Data Store Entities,20686,
12 Dec 2017 12:43:22 GMT,rishiraj.maken,BTS_CSA,CSA_PROJECT_TEMPLATE,{urn:com:appian:types:BTS_CSA}CSA_projectTemplate,59,CSA Delete from Database,165,Delete From Database,5159,Delete from Data Store Entities,21002,
12 Dec 2017 12:56:17 GMT,test.caseofficer2@yopmail.com,BTS_CSA,CSA_CASE_DOCUMENT,{urn:com:appian:types:BTS_CSA}CSA_caseDocument,1409,CSA Delete from Database,165,Delete From Database,5170,Delete from Data Store Entities,21925,
12 Dec 2017 12:56:17 GMT,test.caseofficer2@yopmail.com,BTS_CSA,CSA_CASE_DOCUMENT,{urn:com:appian:types:BTS_CSA}CSA_caseDocument,1410,CSA Delete from Database,165,Delete From Database,5170,Delete from Data Store Entities,21925,
12 Dec 2017 12:56:17 GMT,test.caseofficer2@yopmail.com,BTS_CSA,CSA_CASE_DOCUMENT,{urn:com:appian:types:BTS_CSA}CSA_caseDocument,1411,CSA Delete from Database,165,Delete From Database,5170,Delete from Data Store Entities,21925,
12 Dec 2017 12:56:17 GMT,test.caseofficer2@yopmail.com,BTS_CSA,CSA_CASE_DOCUMENT,{urn:com:appian:types:BTS_CSA}CSA_caseDocument,1412,CSA Delete from Database,165,Delete From Database,5170,Delete from Data Store Entities,21925,
12 Dec 2017 12:56:17 GMT,test.caseofficer2@yopmail.com,BTS_CSA,CSA_CASE_DOCUMENT,{urn:com:appian:types:BTS_CSA}CSA_caseDocument,1413,CSA Delete from Database,165,Delete From Database,5170,Delete from Data Store Entities,21925,
12 Dec 2017 12:56:17 GMT,test.caseofficer2@yopmail.com,BTS_CSA,CSA_CASE_DOCUMENT,{urn:com:appian:types:BTS_CSA}CSA_caseDocument,1414,CSA Delete from Database,165,Delete From Database,5170,Delete from Data Store Entities,21925,
12 Dec 2017 12:56:17 GMT,test.caseofficer2@yopmail.com,BTS_CSA,CSA_CASE_DOCUMENT,{urn:com:appian:types:BTS_CSA}CSA_caseDocument,1415,CSA Delete from Database,165,Delete From Database,5170,Delete from Data Store Entities,21925,
12 Dec 2017 12:56:17 GMT,test.caseofficer2@yopmail.com,BTS_CSA,CSA_CASE_DOCUMENT,{urn:com:appian:types:BTS_CSA}CSA_caseDocument,1416,CSA Delete from Database,165,Delete From Database,5170,Delete from Data Store Entities,21925,
12 Dec 2017 12:56:17 GMT,test.caseofficer2@yopmail.com,BTS_CSA,CSA_CASE_DOCUMENT,{urn:com:appian:types:BTS_CSA}CSA_caseDocument,1417,CSA Delete from Database,165,Delete From Database,5170,Delete from Data Store Entities,21925,
12 Dec 2017 12:56:17 GMT,test.caseofficer2@yopmail.com,BTS_CSA,CSA_CASE_DOCUMENT,{urn:com:appian:types:BTS_CSA}CSA_caseDocument,1418,CSA Delete from Database,165,Delete From Database,5170,Delete from Data Store Entities,21925,
12 Dec 2017 12:56:17 GMT,test.caseofficer2@yopmail.com,BTS_CSA,CSA_CASE_DOCUMENT,{urn:com:appian:types:BTS_CSA}CSA_caseDocument,1419,CSA Delete from Database,165,Delete From Database,5170,Delete from Data Store Entities,21925,
12 Dec 2017 12:56:17 GMT,test.caseofficer2@yopmail.com,BTS_CSA,CSA_CASE_DOCUMENT,{urn:com:appian:types:BTS_CSA}CSA_caseDocument,1420,CSA Delete from Database,165,Delete From Database,5170,Delete from Data Store Entities,21925,
12 Dec 2017 12:56:17 GMT,test.caseofficer2@yopmail.com,BTS_CSA,CSA_CASE_DOCUMENT,{urn:com:appian:types:BTS_CSA}CSA_caseDocument,1421,CSA Delete from Database,165,Delete From Database,5170,Delete from Data Store Entities,21925,
12 Dec 2017 12:56:17 GMT,test.caseofficer2@yopmail.com,BTS_CSA,CSA_CASE_DOCUMENT,{urn:com:appian:types:BTS_CSA}CSA_caseDocument,1422,CSA Delete from Database,165,Delete From Database,5170,Delete from Data Store Entities,21925,
12 Dec 2017 12:56:17 GMT,test.caseofficer2@yopmail.com,BTS_CSA,CSA_CASE_DOCUMENT,{urn:com:appian:types:BTS_CSA}CSA_caseDocument,1423,CSA Delete from Database,165,Delete From Database,5170,Delete from Data Store Entities,21925,
12 Dec 2017 12:56:17 GMT,test.caseofficer2@yopmail.com,BTS_CSA,CSA_PROJECT_TEMPLATE,{urn:com:appian:types:BTS_CSA}CSA_projectTemplate,61,CSA Delete from Database,165,Delete From Database,5171,Delete from Data Store Entities,21938,
12 Dec 2017 13:22:49 GMT,test.caseofficer2@yopmail.com,BTS_CSA,CSA_CASE_DOCUMENT,{urn:com:appian:types:BTS_CSA}CSA_caseDocument,1457,CSA Delete from Database,165,Delete From Database,5235,Delete from Data Store Entities,2142,
12 Dec 2017 13:22:49 GMT,test.caseofficer2@yopmail.com,BTS_CSA,CSA_CASE_DOCUMENT,{urn:com:appian:types:BTS_CSA}CSA_caseDocument,1458,CSA Delete from Database,165,Delete From Database,5235,Delete from Data Store Entities,2142,
12 Dec 2017 13:22:49 GMT,test.caseofficer2@yopmail.com,BTS_CSA,CSA_CASE_DOCUMENT,{urn:com:appian:types:BTS_CSA}CSA_caseDocument,1459,CSA Delete from Database,165,Delete From Database,5235,Delete from Data Store Entities,2142,
12 Dec 2017 13:22:49 GMT,test.caseofficer2@yopmail.com,BTS_CSA,CSA_CASE_DOCUMENT,{urn:com:appian:types:BTS_CSA}CSA_caseDocument,1460,CSA Delete from Database,165,Delete From Database,5235,Delete from Data Store Entities,2142,
12 Dec 2017 13:22:49 GMT,test.caseofficer2@yopmail.com,BTS_CSA,CSA_CASE_DOCUMENT,{urn:com:appian:types:BTS_CSA}CSA_caseDocument,1461,CSA Delete from Database,165,Delete From Database,5235,Delete from Data Store Entities,2142,
12 Dec 2017 13:22:49 GMT,test.caseofficer2@yopmail.com,BTS_CSA,CSA_CASE_DOCUMENT,{urn:com:appian:types:BTS_CSA}CSA_caseDocument,1462,CSA Delete from Database,165,Delete From Database,5235,Delete from Data Store Entities,2142,
12 Dec 2017 13:22:49 GMT,test.caseofficer2@yopmail.com,BTS_CSA,CSA_CASE_DOCUMENT,{urn:com:appian:types:BTS_CSA}CSA_caseDocument,1463,CSA Delete from Database,165,Delete From Database,5235,Delete from Data Store Entities,2142,
12 Dec 2017 13:22:49 GMT,test.caseofficer2@yopmail.com,BTS_CSA,CSA_CASE_DOCUMENT,{urn:com:appian:types:BTS_CSA}CSA_caseDocument,1464,CSA Delete from Database,165,Delete From Database,5235,Delete from Data Store Entities,2142,
12 Dec 2017 13:22:49 GMT,test.caseofficer2@yopmail.com,BTS_CSA,CSA_CASE_DOCUMENT,{urn:com:appian:types:BTS_CSA}CSA_caseDocument,1465,CSA Delete from Database,165,Delete From Database,5235,Delete from Data Store Entities,2142,
12 Dec 2017 13:22:49 GMT,test.caseofficer2@yopmail.com,BTS_CSA,CSA_CASE_DOCUMENT,{urn:com:appian:types:BTS_CSA}CSA_caseDocument,1466,CSA Delete from Database,165,Delete From Database,5235,Delete from Data Store Entities,2142,
12 Dec 2017 13:22:49 GMT,test.caseofficer2@yopmail.com,BTS_CSA,CSA_CASE_DOCUMENT,{urn:com:appian:types:BTS_CSA}CSA_caseDocument,1467,CSA Delete from Database,165,Delete From Database,5235,Delete from Data Store Entities,2142,
12 Dec 2017 13:22:49 GMT,test.caseofficer2@yopmail.com,BTS_CSA,CSA_CASE_DOCUMENT,{urn:com:appian:types:BTS_CSA}CSA_caseDocument,1468,CSA Delete from Database,165,Delete From Database,5235,Delete from Data Store Entities,2142,
12 Dec 2017 13:22:49 GMT,test.caseofficer2@yopmail.com,BTS_CSA,CSA_CASE_DOCUMENT,{urn:com:appian:types:BTS_CSA}CSA_caseDocument,1469,CSA Delete from Database,165,Delete From Database,5235,Delete from Data Store Entities,2142,
12 Dec 2017 13:22:49 GMT,test.caseofficer2@yopmail.com,BTS_CSA,CSA_CASE_DOCUMENT,{urn:com:appian:types:BTS_CSA}CSA_caseDocument,1470,CSA Delete from Database,165,Delete From Database,5235,Delete from Data Store Entities,2142,
12 Dec 2017 13:22:49 GMT,test.caseofficer2@yopmail.com,BTS_CSA,CSA_CASE_DOCUMENT,{urn:com:appian:types:BTS_CSA}CSA_caseDocument,1471,CSA Delete from Database,165,Delete From Database,5235,Delete from Data Store Entities,2142,
12 Dec 2017 13:22:49 GMT,test.caseofficer2@yopmail.com,BTS_CSA,CSA_PROJECT_TEMPLATE,{urn:com:appian:types:BTS_CSA}CSA_projectTemplate,64,CSA Delete from Database,165,Delete From Database,5236,Delete from Data Store Entities,2180,
13 Dec 2017 05:43:21 GMT,newprojectadminhh@yopmail.com,BTS_CSA,BTS_PROJECT_USER_MAPPING,{urn:com:appian:types:BTS_CSA}BTS_projectUserMapping,54,CSA Delete from Database,165,Delete From Database,5252,Delete from Data Store Entities,4138,
13 Dec 2017 06:14:13 GMT,csa.companyadmin,BTS_CSA,BTS_PROJECT_USER_MAPPING,{urn:com:appian:types:BTS_CSA}BTS_projectUserMapping,57,CSA Delete from Database,165,Delete From Database,536878185,Delete from Data Store Entities,536873355,
13 Dec 2017 06:27:35 GMT,csa.companyadmin,BTS_CSA,BTS_PROJECT_USER_MAPPING,{urn:com:appian:types:BTS_CSA}BTS_projectUserMapping,59,CSA Delete from Database,165,Delete From Database,5310,Delete from Data Store Entities,5845,
13 Dec 2017 06:53:50 GMT,hopringenprojectadmin@yopmail.com,BTS_CSA,BTS_PROJECT_USER_MAPPING,{urn:com:appian:types:BTS_CSA}BTS_projectUserMapping,27,CSA Delete from Database,165,Delete From Database,268442502,Delete from Data Store Entities,268448883,
13 Dec 2017 07:04:05 GMT,csa.companyadmin,BTS_CSA,BTS_PROJECT_USER_MAPPING,{urn:com:appian:types:BTS_CSA}BTS_projectUserMapping,60,CSA Delete from Database,165,Delete From Database,268442521,Delete from Data Store Entities,268449477,
13 Dec 2017 07:04:25 GMT,hopringenprojectadmin@yopmail.com,BTS_CSA,BTS_PROJECT_USER_MAPPING,{urn:com:appian:types:BTS_CSA}BTS_projectUserMapping,61,CSA Delete from Database,165,Delete From Database,536878215,Delete from Data Store Entities,536874402,
13 Dec 2017 07:05:05 GMT,csa.companyadmin,BTS_CSA,BTS_PROJECT_USER_MAPPING,{urn:com:appian:types:BTS_CSA}BTS_projectUserMapping,62,CSA Delete from Database,165,Delete From Database,5340,Delete from Data Store Entities,7195,
13 Dec 2017 13:11:18 GMT,csa.companyadmin,BTS_CSA,BTS_PROJECT_USER_MAPPING,{urn:com:appian:types:BTS_CSA}BTS_projectUserMapping,67,CSA Delete from Database,165,Delete From Database,268442665,Delete from Data Store Entities,268457743,
15 Dec 2017 13:09:44 GMT,csa.companyadmin,BTS_CSA,BTS_PROJECT_USER_MAPPING,{urn:com:appian:types:BTS_CSA}BTS_projectUserMapping,12,CSA Delete from Database,165,Delete From Database,6210,Delete from Data Store Entities,20105,
15 Dec 2017 13:10:44 GMT,csa.companyadmin,BTS_CSA,BTS_PROJECT_USER_MAPPING,{urn:com:appian:types:BTS_CSA}BTS_projectUserMapping,23,CSA Delete from Database,165,Delete From Database,268443635,Delete from Data Store Entities,268447817,
15 Dec 2017 13:11:54 GMT,csa.companyadmin,BTS_CSA,BTS_PROJECT_USER_MAPPING,{urn:com:appian:types:BTS_CSA}BTS_projectUserMapping,2,CSA Delete from Database,165,Delete From Database,536879333,Delete from Data Store Entities,536895257,
15 Dec 2017 13:37:04 GMT,csa.companyadmin,BTS_CSA,BTS_PROJECT_USER_MAPPING,{urn:com:appian:types:BTS_CSA}BTS_projectUserMapping,76,CSA Delete from Database,165,Delete From Database,268443675,Delete from Data Store Entities,268449249,
15 Dec 2017 13:37:47 GMT,csa.companyadmin,BTS_CSA,BTS_PROJECT_USER_MAPPING,{urn:com:appian:types:BTS_CSA}BTS_projectUserMapping,58,CSA Delete from Database,165,Delete From Database,536879357,Delete from Data Store Entities,536895652,
18 Dec 2017 10:01:33 GMT,csa.companyadmin,BTS_CSA,BTS_PROJECT_USER_MAPPING,{urn:com:appian:types:BTS_CSA}BTS_projectUserMapping,74,CSA Delete from Database,165,Delete From Database,536879663,Delete from Data Store Entities,536884701,
18 Dec 2017 10:33:45 GMT,csa.companyadmin,BTS_CSA,BTS_PROJECT_USER_MAPPING,{urn:com:appian:types:BTS_CSA}BTS_projectUserMapping,80,CSA Delete from Database,165,Delete From Database,268443842,Delete from Data Store Entities,268460735,
18 Dec 2017 10:42:00 GMT,csa.companyadmin,BTS_CSA,BTS_PROJECT_USER_MAPPING,{urn:com:appian:types:BTS_CSA}BTS_projectUserMapping,75,CSA Delete from Database,165,Delete From Database,268443853,Delete from Data Store Entities,268460903,
18 Dec 2017 10:43:14 GMT,csa.companyadmin,BTS_CSA,BTS_PROJECT_USER_MAPPING,{urn:com:appian:types:BTS_CSA}BTS_projectUserMapping,82,CSA Delete from Database,165,Delete From Database,6381,Delete from Data Store Entities,5455,
18 Dec 2017 10:45:54 GMT,csa.companyadmin,BTS_CSA,BTS_PROJECT_USER_MAPPING,{urn:com:appian:types:BTS_CSA}BTS_projectUserMapping,81,CSA Delete from Database,165,Delete From Database,536879696,Delete from Data Store Entities,536885828,
18 Dec 2017 12:20:17 GMT,csa.companyadmin,BTS_CSA,BTS_PROJECT_USER_MAPPING,{urn:com:appian:types:BTS_CSA}BTS_projectUserMapping,86,CSA Delete from Database,165,Delete From Database,268443970,Delete from Data Store Entities,268441885,
19 Dec 2017 08:36:11 GMT,abhilash.pal,BTS_CSA,BTS_PROJECT_USER_MAPPING,{urn:com:appian:types:BTS_CSA}BTS_projectUserMapping,63,CSA Delete from Database,165,Delete From Database,7041,Delete from Data Store Entities,1234,
19 Dec 2017 12:46:05 GMT,csa.companyadmin,BTS_CSA,BTS_PROJECT_USER_MAPPING,{urn:com:appian:types:BTS_CSA}BTS_projectUserMapping,78,CSA Delete from Database,165,Delete From Database,536880301,Delete from Data Store Entities,536882127,
19 Dec 2017 13:12:44 GMT,csa.companyadmin,BTS_CSA,BTS_PROJECT_USER_MAPPING,{urn:com:appian:types:BTS_CSA}BTS_projectUserMapping,84,CSA Delete from Database,165,Delete From Database,7240,Delete from Data Store Entities,9967,
19 Dec 2017 15:37:21 GMT,hopringenprojectadmin@yopmail.com,BTS_CSA,BTS_PROJECT_USER_MAPPING,{urn:com:appian:types:BTS_CSA}BTS_projectUserMapping,64,CSA Delete from Database,165,Delete From Database,268444826,Delete from Data Store Entities,268444015,
21 Dec 2017 07:13:52 GMT,csa.companyadmin,BTS_CSA,BTS_PROJECT_USER_MAPPING,{urn:com:appian:types:BTS_CSA}BTS_projectUserMapping,97,CSA Delete from Database,165,Delete From Database,268445379,Delete from Data Store Entities,268441121,
21 Dec 2017 08:02:17 GMT,csa.companyadmin,BTS_CSA,BTS_PROJECT_USER_MAPPING,{urn:com:appian:types:BTS_CSA}BTS_projectUserMapping,98,CSA Delete from Database,165,Delete From Database,7981,Delete from Data Store Entities,16554,
21 Dec 2017 10:51:53 GMT,csa.companyadmin,BTS_CSA,BTS_PROJECT_USER_MAPPING,{urn:com:appian:types:BTS_CSA}BTS_projectUserMapping,95,CSA Delete from Database,165,Delete From Database,268445483,Delete from Data Store Entities,268444667,
21 Dec 2017 13:21:21 GMT,csa.companyadmin,BTS_CSA,BTS_PROJECT_USER_MAPPING,{urn:com:appian:types:BTS_CSA}BTS_projectUserMapping,103,CSA Delete from Database,165,Delete From Database,268445582,Delete from Data Store Entities,268448633,
22 Dec 2017 06:18:39 GMT,csa.companyadmin,BTS_CSA,BTS_PROJECT_USER_MAPPING,{urn:com:appian:types:BTS_CSA}BTS_projectUserMapping,107,CSA Delete from Database,165,Delete From Database,536882273,Delete from Data Store Entities,536904127,
22 Dec 2017 06:35:30 GMT,csa.companyadmin,BTS_CSA,BTS_PROJECT_USER_MAPPING,{urn:com:appian:types:BTS_CSA}BTS_projectUserMapping,109,CSA Delete from Database,165,Delete From Database,536882301,Delete from Data Store Entities,536904480,
22 Dec 2017 07:21:37 GMT,csa.companyadmin,BTS_CSA,BTS_PROJECT_USER_MAPPING,{urn:com:appian:types:BTS_CSA}BTS_projectUserMapping,111,CSA Delete from Database,165,Delete From Database,9703,Delete from Data Store Entities,18481,
22 Dec 2017 14:00:01 GMT,csa.companyadmin,BTS_CSA,BTS_PROJECT_USER_MAPPING,{urn:com:appian:types:BTS_CSA}BTS_projectUserMapping,108,CSA Delete from Database,165,Delete From Database,11232,Delete from Data Store Entities,40679,
25 Dec 2017 07:14:46 GMT,prashant.caseofficer2@yopmail.com,BTS_CSA,BTS_PROJECT_USER_MAPPING,{urn:com:appian:types:BTS_CSA}BTS_projectUserMapping,88,CSA Delete from Database,165,Delete From Database,268450997,Delete from Data Store Entities,268474544,
29 Dec 2017 10:59:14 GMT,rishiraj.maken,BTS_CSA,CSA_CASE_DOCUMENT,{urn:com:appian:types:BTS_CSA}CSA_caseDocument,1270,CSA Delete from Database,165,Delete From Database,536900874,Delete from Data Store Entities,536895018,
29 Dec 2017 10:59:15 GMT,rishiraj.maken,BTS_CSA,CSA_PROJECT_TEMPLATE,{urn:com:appian:types:BTS_CSA}CSA_projectTemplate,53,CSA Delete from Database,165,Delete From Database,536900875,Delete from Data Store Entities,536895082,
29 Dec 2017 10:59:15 GMT,rishiraj.maken,BTS_CSA,CSA_PROJECT_TEMPLATE,{urn:com:appian:types:BTS_CSA}CSA_projectTemplate,54,CSA Delete from Database,165,Delete From Database,536900875,Delete from Data Store Entities,536895082,
29 Dec 2017 11:03:36 GMT,hopringen123@yopmail.com,BTS_CSA,CSA_PROJECT_TEMPLATE,{urn:com:appian:types:BTS_CSA}CSA_projectTemplate,73,CSA Delete from Database,165,Delete From Database,536900971,Delete from Data Store Entities,536911391,
29 Dec 2017 11:32:23 GMT,rishiraj.maken,BTS_CSA,BTS_PROJECT_USER_MAPPING,{urn:com:appian:types:BTS_CSA}BTS_projectUserMapping,132,CSA Delete from Database,165,Delete From Database,268465510,Delete from Data Store Entities,268474776,
1 Jan 2018 13:46:05 GMT,rishiraj.maken,BTS_CSA,BTS_PROJECT_USER_MAPPING,{urn:com:appian:types:BTS_CSA}BTS_projectUserMapping,94,CSA Delete from Database,165,Delete From Database,536903296,Delete from Data Store Entities,536896302,
1 Jan 2018 13:46:42 GMT,rishiraj.maken,BTS_CSA,BTS_PROJECT_USER_MAPPING,{urn:com:appian:types:BTS_CSA}BTS_projectUserMapping,93,CSA Delete from Database,165,Delete From Database,536903303,Delete from Data Store Entities,536897075,
1 Jan 2018 14:10:43 GMT,rishiraj.maken,BTS_CSA,BTS_PROJECT_USER_MAPPING,{urn:com:appian:types:BTS_CSA}BTS_projectUserMapping,135,CSA Delete from Database,165,Delete From Database,268467555,Delete from Data Store Entities,268438614,
1 Jan 2018 14:11:07 GMT,rishiraj.maken,BTS_CSA,BTS_PROJECT_USER_MAPPING,{urn:com:appian:types:BTS_CSA}BTS_projectUserMapping,136,CSA Delete from Database,165,Delete From Database,268467562,Delete from Data Store Entities,268438860,
3 Jan 2018 14:32:08 GMT,csa.companyadmin,BTS_CSA,BTS_PROJECT_USER_MAPPING,{urn:com:appian:types:BTS_CSA}BTS_projectUserMapping,119,CSA Delete from Database,165,Delete From Database,29720,Delete from Data Store Entities,16432,
3 Jan 2018 14:33:54 GMT,csa.companyadmin,BTS_CSA,BTS_PROJECT_USER_MAPPING,{urn:com:appian:types:BTS_CSA}BTS_projectUserMapping,137,CSA Delete from Database,165,Delete From Database,536904003,Delete from Data Store Entities,536872263,
3 Jan 2018 14:33:54 GMT,csa.companyadmin,BTS_CSA,BTS_PROJECT_USER_MAPPING,{urn:com:appian:types:BTS_CSA}BTS_projectUserMapping,138,CSA Delete from Database,165,Delete From Database,536904003,Delete from Data Store Entities,536872263,
3 Jan 2018 14:33:54 GMT,csa.companyadmin,BTS_CSA,BTS_PROJECT_USER_MAPPING,{urn:com:appian:types:BTS_CSA}BTS_projectUserMapping,140,CSA Delete from Database,165,Delete From Database,536904003,Delete from Data Store Entities,536872263,
3 Jan 2018 14:33:54 GMT,csa.companyadmin,BTS_CSA,BTS_PROJECT_USER_MAPPING,{urn:com:appian:types:BTS_CSA}BTS_projectUserMapping,139,CSA Delete from Database,165,Delete From Database,536904003,Delete from Data Store Entities,536872263,
3 Jan 2018 14:41:25 GMT,csa.companyadmin,BTS_CSA,BTS_PROJECT_USER_MAPPING,{urn:com:appian:types:BTS_CSA}BTS_projectUserMapping,141,CSA Delete from Database,165,Delete From Database,29741,Delete from Data Store Entities,17022,
3 Jan 2018 14:41:25 GMT,csa.companyadmin,BTS_CSA,BTS_PROJECT_USER_MAPPING,{urn:com:appian:types:BTS_CSA}BTS_projectUserMapping,142,CSA Delete from Database,165,Delete From Database,29741,Delete from Data Store Entities,17022,
3 Jan 2018 14:41:25 GMT,csa.companyadmin,BTS_CSA,BTS_PROJECT_USER_MAPPING,{urn:com:appian:types:BTS_CSA}BTS_projectUserMapping,143,CSA Delete from Database,165,Delete From Database,29741,Delete from Data Store Entities,17022,
3 Jan 2018 14:41:25 GMT,csa.companyadmin,BTS_CSA,BTS_PROJECT_USER_MAPPING,{urn:com:appian:types:BTS_CSA}BTS_projectUserMapping,144,CSA Delete from Database,165,Delete From Database,29741,Delete from Data Store Entities,17022,
3 Jan 2018 14:47:31 GMT,csa.companyadmin,BTS_CSA,BTS_PROJECT_USER_MAPPING,{urn:com:appian:types:BTS_CSA}BTS_projectUserMapping,145,CSA Delete from Database,165,Delete From Database,536904034,Delete from Data Store Entities,536874489,
3 Jan 2018 14:47:31 GMT,csa.companyadmin,BTS_CSA,BTS_PROJECT_USER_MAPPING,{urn:com:appian:types:BTS_CSA}BTS_projectUserMapping,148,CSA Delete from Database,165,Delete From Database,536904034,Delete from Data Store Entities,536874489,
3 Jan 2018 14:47:31 GMT,csa.companyadmin,BTS_CSA,BTS_PROJECT_USER_MAPPING,{urn:com:appian:types:BTS_CSA}BTS_projectUserMapping,146,CSA Delete from Database,165,Delete From Database,536904034,Delete from Data Store Entities,536874489,
3 Jan 2018 14:47:31 GMT,csa.companyadmin,BTS_CSA,BTS_PROJECT_USER_MAPPING,{urn:com:appian:types:BTS_CSA}BTS_projectUserMapping,147,CSA Delete from Database,165,Delete From Database,536904034,Delete from Data Store Entities,536874489,
3 Jan 2018 15:05:39 GMT,csa.companyadmin,BTS_CSA,BTS_PROJECT_USER_MAPPING,{urn:com:appian:types:BTS_CSA}BTS_projectUserMapping,134,CSA Delete from Database,165,Delete From Database,536904048,Delete from Data Store Entities,536875051,
3 Jan 2018 15:07:27 GMT,csa.companyadmin,BTS_CSA,BTS_PROJECT_USER_MAPPING,{urn:com:appian:types:BTS_CSA}BTS_projectUserMapping,152,CSA Delete from Database,165,Delete From Database,268468496,Delete from Data Store Entities,268439762,
3 Jan 2018 15:07:27 GMT,csa.companyadmin,BTS_CSA,BTS_PROJECT_USER_MAPPING,{urn:com:appian:types:BTS_CSA}BTS_projectUserMapping,154,CSA Delete from Database,165,Delete From Database,268468496,Delete from Data Store Entities,268439762,
3 Jan 2018 15:07:27 GMT,csa.companyadmin,BTS_CSA,BTS_PROJECT_USER_MAPPING,{urn:com:appian:types:BTS_CSA}BTS_projectUserMapping,151,CSA Delete from Database,165,Delete From Database,268468496,Delete from Data Store Entities,268439762,
3 Jan 2018 15:07:27 GMT,csa.companyadmin,BTS_CSA,BTS_PROJECT_USER_MAPPING,{urn:com:appian:types:BTS_CSA}BTS_projectUserMapping,153,CSA Delete from Database,165,Delete From Database,268468496,Delete from Data Store Entities,268439762,
4 Jan 2018 06:40:22 GMT,csa.companyadmin,BTS_CSA,BTS_PROJECT_USER_MAPPING,{urn:com:appian:types:BTS_CSA}BTS_projectUserMapping,92,CSA Delete from Database,165,Delete From Database,268468571,Delete from Data Store Entities,268442360,
4 Jan 2018 10:08:40 GMT,rishiraj.maken,BTS_CSA,BTS_PROJECT_USER_MAPPING,{urn:com:appian:types:BTS_CSA}BTS_projectUserMapping,101,CSA Delete from Database,165,Delete From Database,29886,Delete from Data Store Entities,10573,
4 Jan 2018 10:13:16 GMT,csa.companyadmin,BTS_CSA,BTS_PROJECT_USER_MAPPING,{urn:com:appian:types:BTS_CSA}BTS_projectUserMapping,165,CSA Delete from Database,165,Delete From Database,268468605,Delete from Data Store Entities,268444624,
4 Jan 2018 10:16:37 GMT,csa.companyadmin,BTS_CSA,BTS_PROJECT_USER_MAPPING,{urn:com:appian:types:BTS_CSA}BTS_projectUserMapping,168,CSA Delete from Database,165,Delete From Database,268468616,Delete from Data Store Entities,268445302,
4 Jan 2018 10:18:21 GMT,csa.companyadmin,BTS_CSA,BTS_PROJECT_USER_MAPPING,{urn:com:appian:types:BTS_CSA}BTS_projectUserMapping,169,CSA Delete from Database,165,Delete From Database,268468627,Delete from Data Store Entities,268445808,
4 Jan 2018 10:25:52 GMT,csa.companyadmin,BTS_CSA,BTS_PROJECT_USER_MAPPING,{urn:com:appian:types:BTS_CSA}BTS_projectUserMapping,159,CSA Delete from Database,165,Delete From Database,536904208,Delete from Data Store Entities,536882908,
4 Jan 2018 10:25:52 GMT,csa.companyadmin,BTS_CSA,BTS_PROJECT_USER_MAPPING,{urn:com:appian:types:BTS_CSA}BTS_projectUserMapping,160,CSA Delete from Database,165,Delete From Database,536904208,Delete from Data Store Entities,536882908,
4 Jan 2018 10:25:52 GMT,csa.companyadmin,BTS_CSA,BTS_PROJECT_USER_MAPPING,{urn:com:appian:types:BTS_CSA}BTS_projectUserMapping,162,CSA Delete from Database,165,Delete From Database,536904208,Delete from Data Store Entities,536882908,
4 Jan 2018 10:25:52 GMT,csa.companyadmin,BTS_CSA,BTS_PROJECT_USER_MAPPING,{urn:com:appian:types:BTS_CSA}BTS_projectUserMapping,158,CSA Delete from Database,165,Delete From Database,536904208,Delete from Data Store Entities,536882908,
4 Jan 2018 10:25:52 GMT,csa.companyadmin,BTS_CSA,BTS_PROJECT_USER_MAPPING,{urn:com:appian:types:BTS_CSA}BTS_projectUserMapping,161,CSA Delete from Database,165,Delete From Database,536904208,Delete from Data Store Entities,536882908,
4 Jan 2018 10:42:52 GMT,csa.companyadmin,BTS_CSA,BTS_PROJECT_USER_MAPPING,{urn:com:appian:types:BTS_CSA}BTS_projectUserMapping,171,CSA Delete from Database,165,Delete From Database,268468647,Delete from Data Store Entities,268446700,
4 Jan 2018 10:42:52 GMT,csa.companyadmin,BTS_CSA,BTS_PROJECT_USER_MAPPING,{urn:com:appian:types:BTS_CSA}BTS_projectUserMapping,172,CSA Delete from Database,165,Delete From Database,268468647,Delete from Data Store Entities,268446700,
4 Jan 2018 10:42:52 GMT,csa.companyadmin,BTS_CSA,BTS_PROJECT_USER_MAPPING,{urn:com:appian:types:BTS_CSA}BTS_projectUserMapping,173,CSA Delete from Database,165,Delete From Database,268468647,Delete from Data Store Entities,268446700,
4 Jan 2018 10:42:52 GMT,csa.companyadmin,BTS_CSA,BTS_PROJECT_USER_MAPPING,{urn:com:appian:types:BTS_CSA}BTS_projectUserMapping,174,CSA Delete from Database,165,Delete From Database,268468647,Delete from Data Store Entities,268446700,
4 Jan 2018 10:42:52 GMT,csa.companyadmin,BTS_CSA,BTS_PROJECT_USER_MAPPING,{urn:com:appian:types:BTS_CSA}BTS_projectUserMapping,175,CSA Delete from Database,165,Delete From Database,268468647,Delete from Data Store Entities,268446700,
4 Jan 2018 14:09:40 GMT,siddharthg2@appcino.com,BTS_CSA,BTS_PROJECT_USER_MAPPING,{urn:com:appian:types:BTS_CSA}BTS_projectUserMapping,181,CSA Delete from Database,165,Delete From Database,29927,Delete from Data Store Entities,12989,
4 Jan 2018 14:09:40 GMT,siddharthg2@appcino.com,BTS_CSA,BTS_PROJECT_USER_MAPPING,{urn:com:appian:types:BTS_CSA}BTS_projectUserMapping,183,CSA Delete from Database,165,Delete From Database,29927,Delete from Data Store Entities,12989,
4 Jan 2018 14:09:40 GMT,siddharthg2@appcino.com,BTS_CSA,BTS_PROJECT_USER_MAPPING,{urn:com:appian:types:BTS_CSA}BTS_projectUserMapping,182,CSA Delete from Database,165,Delete From Database,29927,Delete from Data Store Entities,12989,
4 Jan 2018 14:10:30 GMT,siddharthg2@appcino.com,BTS_CSA,BTS_PROJECT_USER_MAPPING,{urn:com:appian:types:BTS_CSA}BTS_projectUserMapping,184,CSA Delete from Database,165,Delete From Database,536904320,Delete from Data Store Entities,536886598,
4 Jan 2018 14:10:30 GMT,siddharthg2@appcino.com,BTS_CSA,BTS_PROJECT_USER_MAPPING,{urn:com:appian:types:BTS_CSA}BTS_projectUserMapping,185,CSA Delete from Database,165,Delete From Database,536904320,Delete from Data Store Entities,536886598,
4 Jan 2018 14:10:30 GMT,siddharthg2@appcino.com,BTS_CSA,BTS_PROJECT_USER_MAPPING,{urn:com:appian:types:BTS_CSA}BTS_projectUserMapping,186,CSA Delete from Database,165,Delete From Database,536904320,Delete from Data Store Entities,536886598,
4 Jan 2018 14:21:37 GMT,csa.companyadmin,BTS_CSA,BTS_PROJECT_USER_MAPPING,{urn:com:appian:types:BTS_CSA}BTS_projectUserMapping,170,CSA Delete from Database,165,Delete From Database,29942,Delete from Data Store Entities,14459,
4 Jan 2018 14:23:40 GMT,csa.companyadmin,BTS_CSA,BTS_PROJECT_USER_MAPPING,{urn:com:appian:types:BTS_CSA}BTS_projectUserMapping,193,CSA Delete from Database,165,Delete From Database,268468744,Delete from Data Store Entities,268450734,
4 Jan 2018 14:23:40 GMT,csa.companyadmin,BTS_CSA,BTS_PROJECT_USER_MAPPING,{urn:com:appian:types:BTS_CSA}BTS_projectUserMapping,194,CSA Delete from Database,165,Delete From Database,268468744,Delete from Data Store Entities,268450734,
4 Jan 2018 14:23:40 GMT,csa.companyadmin,BTS_CSA,BTS_PROJECT_USER_MAPPING,{urn:com:appian:types:BTS_CSA}BTS_projectUserMapping,196,CSA Delete from Database,165,Delete From Database,268468744,Delete from Data Store Entities,268450734,
4 Jan 2018 14:23:40 GMT,csa.companyadmin,BTS_CSA,BTS_PROJECT_USER_MAPPING,{urn:com:appian:types:BTS_CSA}BTS_projectUserMapping,195,CSA Delete from Database,165,Delete From Database,268468744,Delete from Data Store Entities,268450734,
4 Jan 2018 15:41:02 GMT,csa.companyadmin,BTS_CSA,BTS_PROJECT_USER_MAPPING,{urn:com:appian:types:BTS_CSA}BTS_projectUserMapping,176,CSA Delete from Database,165,Delete From Database,268468767,Delete from Data Store Entities,268451803,
4 Jan 2018 15:41:02 GMT,csa.companyadmin,BTS_CSA,BTS_PROJECT_USER_MAPPING,{urn:com:appian:types:BTS_CSA}BTS_projectUserMapping,177,CSA Delete from Database,165,Delete From Database,268468767,Delete from Data Store Entities,268451803,
4 Jan 2018 15:41:02 GMT,csa.companyadmin,BTS_CSA,BTS_PROJECT_USER_MAPPING,{urn:com:appian:types:BTS_CSA}BTS_projectUserMapping,178,CSA Delete from Database,165,Delete From Database,268468767,Delete from Data Store Entities,268451803,
4 Jan 2018 15:41:02 GMT,csa.companyadmin,BTS_CSA,BTS_PROJECT_USER_MAPPING,{urn:com:appian:types:BTS_CSA}BTS_projectUserMapping,179,CSA Delete from Database,165,Delete From Database,268468767,Delete from Data Store Entities,268451803,
4 Jan 2018 15:41:02 GMT,csa.companyadmin,BTS_CSA,BTS_PROJECT_USER_MAPPING,{urn:com:appian:types:BTS_CSA}BTS_projectUserMapping,180,CSA Delete from Database,165,Delete From Database,268468767,Delete from Data Store Entities,268451803,
4 Jan 2018 15:50:41 GMT,csa.companyadmin,BTS_CSA,BTS_PROJECT_USER_MAPPING,{urn:com:appian:types:BTS_CSA}BTS_projectUserMapping,201,CSA Delete from Database,165,Delete From Database,29965,Delete from Data Store Entities,18157,
4 Jan 2018 15:50:41 GMT,csa.companyadmin,BTS_CSA,BTS_PROJECT_USER_MAPPING,{urn:com:appian:types:BTS_CSA}BTS_projectUserMapping,202,CSA Delete from Database,165,Delete From Database,29965,Delete from Data Store Entities,18157,
4 Jan 2018 15:50:41 GMT,csa.companyadmin,BTS_CSA,BTS_PROJECT_USER_MAPPING,{urn:com:appian:types:BTS_CSA}BTS_projectUserMapping,203,CSA Delete from Database,165,Delete From Database,29965,Delete from Data Store Entities,18157,
4 Jan 2018 15:52:39 GMT,csa.companyadmin,BTS_CSA,BTS_PROJECT_USER_MAPPING,{urn:com:appian:types:BTS_CSA}BTS_projectUserMapping,204,CSA Delete from Database,165,Delete From Database,536904348,Delete from Data Store Entities,536887255,
4 Jan 2018 15:52:39 GMT,csa.companyadmin,BTS_CSA,BTS_PROJECT_USER_MAPPING,{urn:com:appian:types:BTS_CSA}BTS_projectUserMapping,207,CSA Delete from Database,165,Delete From Database,536904348,Delete from Data Store Entities,536887255,
4 Jan 2018 15:52:39 GMT,csa.companyadmin,BTS_CSA,BTS_PROJECT_USER_MAPPING,{urn:com:appian:types:BTS_CSA}BTS_projectUserMapping,205,CSA Delete from Database,165,Delete From Database,536904348,Delete from Data Store Entities,536887255,
4 Jan 2018 15:52:39 GMT,csa.companyadmin,BTS_CSA,BTS_PROJECT_USER_MAPPING,{urn:com:appian:types:BTS_CSA}BTS_projectUserMapping,206,CSA Delete from Database,165,Delete From Database,536904348,Delete from Data Store Entities,536887255,
4 Jan 2018 15:52:39 GMT,csa.companyadmin,BTS_CSA,BTS_PROJECT_USER_MAPPING,{urn:com:appian:types:BTS_CSA}BTS_projectUserMapping,208,CSA Delete from Database,165,Delete From Database,536904348,Delete from Data Store Entities,536887255,
4 Jan 2018 15:58:12 GMT,csa.companyadmin,BTS_CSA,BTS_PROJECT_USER_MAPPING,{urn:com:appian:types:BTS_CSA}BTS_projectUserMapping,167,CSA Delete from Database,165,Delete From Database,268468781,Delete from Data Store Entities,268452416,
4 Jan 2018 16:06:29 GMT,csa.companyadmin,BTS_CSA,BTS_PROJECT_USER_MAPPING,{urn:com:appian:types:BTS_CSA}BTS_projectUserMapping,211,CSA Delete from Database,165,Delete From Database,536904362,Delete from Data Store Entities,536887658,
4 Jan 2018 16:07:25 GMT,csa.companyadmin,BTS_CSA,BTS_PROJECT_USER_MAPPING,{urn:com:appian:types:BTS_CSA}BTS_projectUserMapping,212,CSA Delete from Database,165,Delete From Database,536904373,Delete from Data Store Entities,536871626,
4 Jan 2018 16:11:26 GMT,csa.companyadmin,BTS_CSA,BTS_PROJECT_USER_MAPPING,{urn:com:appian:types:BTS_CSA}BTS_projectUserMapping,209,CSA Delete from Database,165,Delete From Database,29982,Delete from Data Store Entities,18826,
4 Jan 2018 16:11:26 GMT,csa.companyadmin,BTS_CSA,BTS_PROJECT_USER_MAPPING,{urn:com:appian:types:BTS_CSA}BTS_projectUserMapping,210,CSA Delete from Database,165,Delete From Database,29982,Delete from Data Store Entities,18826,
4 Jan 2018 16:13:30 GMT,csa.companyadmin,BTS_CSA,BTS_PROJECT_USER_MAPPING,{urn:com:appian:types:BTS_CSA}BTS_projectUserMapping,96,CSA Delete from Database,165,Delete From Database,536904395,Delete from Data Store Entities,536872844,
4 Jan 2018 16:14:58 GMT,csa.companyadmin,BTS_CSA,BTS_PROJECT_USER_MAPPING,{urn:com:appian:types:BTS_CSA}BTS_projectUserMapping,219,CSA Delete from Database,165,Delete From Database,268468800,Delete from Data Store Entities,268453201,
4 Jan 2018 16:14:58 GMT,csa.companyadmin,BTS_CSA,BTS_PROJECT_USER_MAPPING,{urn:com:appian:types:BTS_CSA}BTS_projectUserMapping,220,CSA Delete from Database,165,Delete From Database,268468800,Delete from Data Store Entities,268453201,
4 Jan 2018 16:16:13 GMT,csa.companyadmin,BTS_CSA,BTS_PROJECT_USER_MAPPING,{urn:com:appian:types:BTS_CSA}BTS_projectUserMapping,221,CSA Delete from Database,165,Delete From Database,536904410,Delete from Data Store Entities,536874229,
4 Jan 2018 16:16:13 GMT,csa.companyadmin,BTS_CSA,BTS_PROJECT_USER_MAPPING,{urn:com:appian:types:BTS_CSA}BTS_projectUserMapping,223,CSA Delete from Database,165,Delete From Database,536904410,Delete from Data Store Entities,536874229,
4 Jan 2018 16:16:13 GMT,csa.companyadmin,BTS_CSA,BTS_PROJECT_USER_MAPPING,{urn:com:appian:types:BTS_CSA}BTS_projectUserMapping,224,CSA Delete from Database,165,Delete From Database,536904410,Delete from Data Store Entities,536874229,
4 Jan 2018 16:16:13 GMT,csa.companyadmin,BTS_CSA,BTS_PROJECT_USER_MAPPING,{urn:com:appian:types:BTS_CSA}BTS_projectUserMapping,222,CSA Delete from Database,165,Delete From Database,536904410,Delete from Data Store Entities,536874229,
4 Jan 2018 16:18:23 GMT,csa.companyadmin,BTS_CSA,BTS_PROJECT_USER_MAPPING,{urn:com:appian:types:BTS_CSA}BTS_projectUserMapping,216,CSA Delete from Database,165,Delete From Database,268468816,Delete from Data Store Entities,268453903,
4 Jan 2018 16:18:23 GMT,csa.companyadmin,BTS_CSA,BTS_PROJECT_USER_MAPPING,{urn:com:appian:types:BTS_CSA}BTS_projectUserMapping,217,CSA Delete from Database,165,Delete From Database,268468816,Delete from Data Store Entities,268453903,
4 Jan 2018 16:18:23 GMT,csa.companyadmin,BTS_CSA,BTS_PROJECT_USER_MAPPING,{urn:com:appian:types:BTS_CSA}BTS_projectUserMapping,218,CSA Delete from Database,165,Delete From Database,268468816,Delete from Data Store Entities,268453903,
4 Jan 2018 16:30:11 GMT,csa.companyadmin,BTS_CSA,BTS_PROJECT_USER_MAPPING,{urn:com:appian:types:BTS_CSA}BTS_projectUserMapping,90,CSA Delete from Database,165,Delete From Database,30001,Delete from Data Store Entities,19529,
4 Jan 2018 16:30:11 GMT,csa.companyadmin,BTS_CSA,BTS_PROJECT_USER_MAPPING,{urn:com:appian:types:BTS_CSA}BTS_projectUserMapping,91,CSA Delete from Database,165,Delete From Database,30001,Delete from Data Store Entities,19529,
4 Jan 2018 16:30:11 GMT,csa.companyadmin,BTS_CSA,BTS_PROJECT_USER_MAPPING,{urn:com:appian:types:BTS_CSA}BTS_projectUserMapping,133,CSA Delete from Database,165,Delete From Database,30001,Delete from Data Store Entities,19529,
4 Jan 2018 16:30:16 GMT,csa.companyadmin,BTS_CSA,BTS_PROJECT_USER_MAPPING,{urn:com:appian:types:BTS_CSA}BTS_projectUserMapping,229,CSA Delete from Database,165,Delete From Database,268468829,Delete from Data Store Entities,268454317,
4 Jan 2018 16:30:16 GMT,csa.companyadmin,BTS_CSA,BTS_PROJECT_USER_MAPPING,{urn:com:appian:types:BTS_CSA}BTS_projectUserMapping,230,CSA Delete from Database,165,Delete From Database,268468829,Delete from Data Store Entities,268454317,
4 Jan 2018 16:30:58 GMT,csa.companyadmin,BTS_CSA,BTS_PROJECT_USER_MAPPING,{urn:com:appian:types:BTS_CSA}BTS_projectUserMapping,231,CSA Delete from Database,165,Delete From Database,30016,Delete from Data Store Entities,20249,
4 Jan 2018 16:30:58 GMT,csa.companyadmin,BTS_CSA,BTS_PROJECT_USER_MAPPING,{urn:com:appian:types:BTS_CSA}BTS_projectUserMapping,232,CSA Delete from Database,165,Delete From Database,30016,Delete from Data Store Entities,20249,
4 Jan 2018 16:30:58 GMT,csa.companyadmin,BTS_CSA,BTS_PROJECT_USER_MAPPING,{urn:com:appian:types:BTS_CSA}BTS_projectUserMapping,233,CSA Delete from Database,165,Delete From Database,30016,Delete from Data Store Entities,20249,
4 Jan 2018 16:47:27 GMT,csa.companyadmin,BTS_CSA,BTS_PROJECT_USER_MAPPING,{urn:com:appian:types:BTS_CSA}BTS_projectUserMapping,225,CSA Delete from Database,165,Delete From Database,268468850,Delete from Data Store Entities,268454895,
4 Jan 2018 16:47:27 GMT,csa.companyadmin,BTS_CSA,BTS_PROJECT_USER_MAPPING,{urn:com:appian:types:BTS_CSA}BTS_projectUserMapping,226,CSA Delete from Database,165,Delete From Database,268468850,Delete from Data Store Entities,268454895,
4 Jan 2018 16:47:27 GMT,csa.companyadmin,BTS_CSA,BTS_PROJECT_USER_MAPPING,{urn:com:appian:types:BTS_CSA}BTS_projectUserMapping,227,CSA Delete from Database,165,Delete From Database,268468850,Delete from Data Store Entities,268454895,
4 Jan 2018 16:47:27 GMT,csa.companyadmin,BTS_CSA,BTS_PROJECT_USER_MAPPING,{urn:com:appian:types:BTS_CSA}BTS_projectUserMapping,228,CSA Delete from Database,165,Delete From Database,268468850,Delete from Data Store Entities,268454895,
4 Jan 2018 16:58:44 GMT,csa.companyadmin,BTS_CSA,BTS_PROJECT_USER_MAPPING,{urn:com:appian:types:BTS_CSA}BTS_projectUserMapping,197,CSA Delete from Database,165,Delete From Database,536904434,Delete from Data Store Entities,536875972,
4 Jan 2018 16:58:44 GMT,csa.companyadmin,BTS_CSA,BTS_PROJECT_USER_MAPPING,{urn:com:appian:types:BTS_CSA}BTS_projectUserMapping,198,CSA Delete from Database,165,Delete From Database,536904434,Delete from Data Store Entities,536875972,
4 Jan 2018 16:58:44 GMT,csa.companyadmin,BTS_CSA,BTS_PROJECT_USER_MAPPING,{urn:com:appian:types:BTS_CSA}BTS_projectUserMapping,199,CSA Delete from Database,165,Delete From Database,536904434,Delete from Data Store Entities,536875972,
4 Jan 2018 16:58:44 GMT,csa.companyadmin,BTS_CSA,BTS_PROJECT_USER_MAPPING,{urn:com:appian:types:BTS_CSA}BTS_projectUserMapping,200,CSA Delete from Database,165,Delete From Database,536904434,Delete from Data Store Entities,536875972,
4 Jan 2018 17:09:10 GMT,csa.companyadmin,BTS_CSA,BTS_PROJECT_USER_MAPPING,{urn:com:appian:types:BTS_CSA}BTS_projectUserMapping,243,CSA Delete from Database,165,Delete From Database,536904459,Delete from Data Store Entities,536877540,
4 Jan 2018 17:09:10 GMT,csa.companyadmin,BTS_CSA,BTS_PROJECT_USER_MAPPING,{urn:com:appian:types:BTS_CSA}BTS_projectUserMapping,244,CSA Delete from Database,165,Delete From Database,536904459,Delete from Data Store Entities,536877540,
4 Jan 2018 17:09:10 GMT,csa.companyadmin,BTS_CSA,BTS_PROJECT_USER_MAPPING,{urn:com:appian:types:BTS_CSA}BTS_projectUserMapping,245,CSA Delete from Database,165,Delete From Database,536904459,Delete from Data Store Entities,536877540,
4 Jan 2018 17:09:10 GMT,csa.companyadmin,BTS_CSA,BTS_PROJECT_USER_MAPPING,{urn:com:appian:types:BTS_CSA}BTS_projectUserMapping,246,CSA Delete from Database,165,Delete From Database,536904459,Delete from Data Store Entities,536877540,
4 Jan 2018 17:10:01 GMT,csa.companyadmin,BTS_CSA,BTS_PROJECT_USER_MAPPING,{urn:com:appian:types:BTS_CSA}BTS_projectUserMapping,247,CSA Delete from Database,165,Delete From Database,268468877,Delete from Data Store Entities,268455916,
4 Jan 2018 17:21:12 GMT,csa.companyadmin,BTS_CSA,BTS_PROJECT_USER_MAPPING,{urn:com:appian:types:BTS_CSA}BTS_projectUserMapping,248,CSA Delete from Database,165,Delete From Database,268468897,Delete from Data Store Entities,268456453,
4 Jan 2018 17:21:12 GMT,csa.companyadmin,BTS_CSA,BTS_PROJECT_USER_MAPPING,{urn:com:appian:types:BTS_CSA}BTS_projectUserMapping,249,CSA Delete from Database,165,Delete From Database,268468897,Delete from Data Store Entities,268456453,
5 Jan 2018 06:44:56 GMT,csa.companyadmin,BTS_CSA,BTS_PROJECT_USER_MAPPING,{urn:com:appian:types:BTS_CSA}BTS_projectUserMapping,250,CSA Delete from Database,165,Delete From Database,30083,Delete from Data Store Entities,23270,
5 Jan 2018 06:47:15 GMT,csa.companyadmin,BTS_CSA,BTS_PROJECT_USER_MAPPING,{urn:com:appian:types:BTS_CSA}BTS_projectUserMapping,251,CSA Delete from Database,165,Delete From Database,30100,Delete from Data Store Entities,24365,
5 Jan 2018 06:47:15 GMT,csa.companyadmin,BTS_CSA,BTS_PROJECT_USER_MAPPING,{urn:com:appian:types:BTS_CSA}BTS_projectUserMapping,252,CSA Delete from Database,165,Delete From Database,30100,Delete from Data Store Entities,24365,
5 Jan 2018 06:47:15 GMT,csa.companyadmin,BTS_CSA,BTS_PROJECT_USER_MAPPING,{urn:com:appian:types:BTS_CSA}BTS_projectUserMapping,253,CSA Delete from Database,165,Delete From Database,30100,Delete from Data Store Entities,24365,
5 Jan 2018 06:47:15 GMT,csa.companyadmin,BTS_CSA,BTS_PROJECT_USER_MAPPING,{urn:com:appian:types:BTS_CSA}BTS_projectUserMapping,254,CSA Delete from Database,165,Delete From Database,30100,Delete from Data Store Entities,24365,
5 Jan 2018 08:01:15 GMT,jitendras@appcino.com,BTS_CSA,CSA_CASE_DOCUMENT,{urn:com:appian:types:BTS_CSA}CSA_caseDocument,4846,CSA Delete from Database,165,Delete From Database,536904505,Delete from Data Store Entities,536880122,
5 Jan 2018 08:01:15 GMT,jitendras@appcino.com,BTS_CSA,CSA_CASE_DOCUMENT,{urn:com:appian:types:BTS_CSA}CSA_caseDocument,4847,CSA Delete from Database,165,Delete From Database,536904505,Delete from Data Store Entities,536880122,
5 Jan 2018 08:01:15 GMT,jitendras@appcino.com,BTS_CSA,CSA_CASE_DOCUMENT,{urn:com:appian:types:BTS_CSA}CSA_caseDocument,4848,CSA Delete from Database,165,Delete From Database,536904505,Delete from Data Store Entities,536880122,
5 Jan 2018 08:01:15 GMT,jitendras@appcino.com,BTS_CSA,CSA_CASE_DOCUMENT,{urn:com:appian:types:BTS_CSA}CSA_caseDocument,4849,CSA Delete from Database,165,Delete From Database,536904505,Delete from Data Store Entities,536880122,
5 Jan 2018 08:01:15 GMT,jitendras@appcino.com,BTS_CSA,CSA_CASE_DOCUMENT,{urn:com:appian:types:BTS_CSA}CSA_caseDocument,4850,CSA Delete from Database,165,Delete From Database,536904505,Delete from Data Store Entities,536880122,
5 Jan 2018 09:42:37 GMT,csa.companyadmin,BTS_CSA,BTS_PROJECT_USER_MAPPING,{urn:com:appian:types:BTS_CSA}BTS_projectUserMapping,255,CSA Delete from Database,165,Delete From Database,536904523,Delete from Data Store Entities,536880993,
5 Jan 2018 09:45:13 GMT,rishiraj.maken,BTS_CSA,BTS_PROJECT_USER_MAPPING,{urn:com:appian:types:BTS_CSA}BTS_projectUserMapping,65,CSA Delete from Database,165,Delete From Database,30135,Delete from Data Store Entities,25928,
5 Jan 2018 09:45:13 GMT,rishiraj.maken,BTS_CSA,BTS_PROJECT_USER_MAPPING,{urn:com:appian:types:BTS_CSA}BTS_projectUserMapping,102,CSA Delete from Database,165,Delete From Database,30135,Delete from Data Store Entities,25928,
5 Jan 2018 09:45:13 GMT,rishiraj.maken,BTS_CSA,BTS_PROJECT_USER_MAPPING,{urn:com:appian:types:BTS_CSA}BTS_projectUserMapping,120,CSA Delete from Database,165,Delete From Database,30135,Delete from Data Store Entities,25928,
5 Jan 2018 09:45:13 GMT,rishiraj.maken,BTS_CSA,BTS_PROJECT_USER_MAPPING,{urn:com:appian:types:BTS_CSA}BTS_projectUserMapping,121,CSA Delete from Database,165,Delete From Database,30135,Delete from Data Store Entities,25928,
5 Jan 2018 09:45:13 GMT,rishiraj.maken,BTS_CSA,BTS_PROJECT_USER_MAPPING,{urn:com:appian:types:BTS_CSA}BTS_projectUserMapping,256,CSA Delete from Database,165,Delete From Database,30135,Delete from Data Store Entities,25928,
5 Jan 2018 09:57:24 GMT,rishiraj.maken,BTS_CSA,BTS_PROJECT_USER_MAPPING,{urn:com:appian:types:BTS_CSA}BTS_projectUserMapping,260,CSA Delete from Database,165,Delete From Database,268468941,Delete from Data Store Entities,268458305,
5 Jan 2018 09:57:24 GMT,rishiraj.maken,BTS_CSA,BTS_PROJECT_USER_MAPPING,{urn:com:appian:types:BTS_CSA}BTS_projectUserMapping,261,CSA Delete from Database,165,Delete From Database,268468941,Delete from Data Store Entities,268458305,
5 Jan 2018 09:57:24 GMT,rishiraj.maken,BTS_CSA,BTS_PROJECT_USER_MAPPING,{urn:com:appian:types:BTS_CSA}BTS_projectUserMapping,262,CSA Delete from Database,165,Delete From Database,268468941,Delete from Data Store Entities,268458305,
5 Jan 2018 09:57:24 GMT,rishiraj.maken,BTS_CSA,BTS_PROJECT_USER_MAPPING,{urn:com:appian:types:BTS_CSA}BTS_projectUserMapping,263,CSA Delete from Database,165,Delete From Database,268468941,Delete from Data Store Entities,268458305,
5 Jan 2018 09:57:24 GMT,rishiraj.maken,BTS_CSA,BTS_PROJECT_USER_MAPPING,{urn:com:appian:types:BTS_CSA}BTS_projectUserMapping,264,CSA Delete from Database,165,Delete From Database,268468941,Delete from Data Store Entities,268458305,
5 Jan 2018 10:02:35 GMT,rishiraj.maken,BTS_CSA,BTS_PROJECT_USER_MAPPING,{urn:com:appian:types:BTS_CSA}BTS_projectUserMapping,265,CSA Delete from Database,165,Delete From Database,30152,Delete from Data Store Entities,26720,
5 Jan 2018 10:07:46 GMT,rishiraj.maken,BTS_CSA,BTS_PROJECT_USER_MAPPING,{urn:com:appian:types:BTS_CSA}BTS_projectUserMapping,266,CSA Delete from Database,165,Delete From Database,536904537,Delete from Data Store Entities,536881780,
5 Jan 2018 10:08:47 GMT,rishiraj.maken,BTS_CSA,BTS_PROJECT_USER_MAPPING,{urn:com:appian:types:BTS_CSA}BTS_projectUserMapping,267,CSA Delete from Database,165,Delete From Database,536904548,Delete from Data Store Entities,536882209,
5 Jan 2018 10:11:10 GMT,jitendras@appcino.com,BTS_CSA,CSA_CASE_DOCUMENT,{urn:com:appian:types:BTS_CSA}CSA_caseDocument,4856,CSA Delete from Database,165,Delete From Database,536904564,Delete from Data Store Entities,536883961,
5 Jan 2018 10:11:10 GMT,jitendras@appcino.com,BTS_CSA,CSA_CASE_DOCUMENT,{urn:com:appian:types:BTS_CSA}CSA_caseDocument,4857,CSA Delete from Database,165,Delete From Database,536904564,Delete from Data Store Entities,536883961,
5 Jan 2018 10:11:10 GMT,jitendras@appcino.com,BTS_CSA,CSA_CASE_DOCUMENT,{urn:com:appian:types:BTS_CSA}CSA_caseDocument,4858,CSA Delete from Database,165,Delete From Database,536904564,Delete from Data Store Entities,536883961,
5 Jan 2018 10:11:10 GMT,jitendras@appcino.com,BTS_CSA,CSA_CASE_DOCUMENT,{urn:com:appian:types:BTS_CSA}CSA_caseDocument,4859,CSA Delete from Database,165,Delete From Database,536904564,Delete from Data Store Entities,536883961,
5 Jan 2018 10:11:10 GMT,jitendras@appcino.com,BTS_CSA,CSA_CASE_DOCUMENT,{urn:com:appian:types:BTS_CSA}CSA_caseDocument,4860,CSA Delete from Database,165,Delete From Database,536904564,Delete from Data Store Entities,536883961,
5 Jan 2018 10:21:59 GMT,jitendras@appcino.com,BTS_CSA,CSA_CASE_DOCUMENT,{urn:com:appian:types:BTS_CSA}CSA_caseDocument,4866,CSA Delete from Database,165,Delete From Database,536904581,Delete from Data Store Entities,536888022,
5 Jan 2018 10:21:59 GMT,jitendras@appcino.com,BTS_CSA,CSA_CASE_DOCUMENT,{urn:com:appian:types:BTS_CSA}CSA_caseDocument,4867,CSA Delete from Database,165,Delete From Database,536904581,Delete from Data Store Entities,536888022,
5 Jan 2018 10:21:59 GMT,jitendras@appcino.com,BTS_CSA,CSA_CASE_DOCUMENT,{urn:com:appian:types:BTS_CSA}CSA_caseDocument,4868,CSA Delete from Database,165,Delete From Database,536904581,Delete from Data Store Entities,536888022,
5 Jan 2018 10:21:59 GMT,jitendras@appcino.com,BTS_CSA,CSA_CASE_DOCUMENT,{urn:com:appian:types:BTS_CSA}CSA_caseDocument,4869,CSA Delete from Database,165,Delete From Database,536904581,Delete from Data Store Entities,536888022,
5 Jan 2018 10:21:59 GMT,jitendras@appcino.com,BTS_CSA,CSA_CASE_DOCUMENT,{urn:com:appian:types:BTS_CSA}CSA_caseDocument,4870,CSA Delete from Database,165,Delete From Database,536904581,Delete from Data Store Entities,536888022,
5 Jan 2018 11:21:23 GMT,jitendras@appcino.com,BTS_CSA,CSA_CASE_DOCUMENT,{urn:com:appian:types:BTS_CSA}CSA_caseDocument,4876,CSA Delete from Database,165,Delete From Database,536904610,Delete from Data Store Entities,536888811,
5 Jan 2018 11:21:23 GMT,jitendras@appcino.com,BTS_CSA,CSA_CASE_DOCUMENT,{urn:com:appian:types:BTS_CSA}CSA_caseDocument,4877,CSA Delete from Database,165,Delete From Database,536904610,Delete from Data Store Entities,536888811,
5 Jan 2018 11:21:23 GMT,jitendras@appcino.com,BTS_CSA,CSA_CASE_DOCUMENT,{urn:com:appian:types:BTS_CSA}CSA_caseDocument,4878,CSA Delete from Database,165,Delete From Database,536904610,Delete from Data Store Entities,536888811,
5 Jan 2018 11:21:23 GMT,jitendras@appcino.com,BTS_CSA,CSA_CASE_DOCUMENT,{urn:com:appian:types:BTS_CSA}CSA_caseDocument,4879,CSA Delete from Database,165,Delete From Database,536904610,Delete from Data Store Entities,536888811,
5 Jan 2018 11:21:23 GMT,jitendras@appcino.com,BTS_CSA,CSA_CASE_DOCUMENT,{urn:com:appian:types:BTS_CSA}CSA_caseDocument,4880,CSA Delete from Database,165,Delete From Database,536904610,Delete from Data Store Entities,536888811,
6 Jan 2018 06:23:58 GMT,csa.companyadmin,BTS_CSA,BTS_PROJECT_USER_MAPPING,{urn:com:appian:types:BTS_CSA}BTS_projectUserMapping,257,CSA Delete from Database,165,Delete From Database,30241,Delete from Data Store Entities,6438,
6 Jan 2018 06:23:58 GMT,csa.companyadmin,BTS_CSA,BTS_PROJECT_USER_MAPPING,{urn:com:appian:types:BTS_CSA}BTS_projectUserMapping,258,CSA Delete from Database,165,Delete From Database,30241,Delete from Data Store Entities,6438,
6 Jan 2018 06:23:58 GMT,csa.companyadmin,BTS_CSA,BTS_PROJECT_USER_MAPPING,{urn:com:appian:types:BTS_CSA}BTS_projectUserMapping,259,CSA Delete from Database,165,Delete From Database,30241,Delete from Data Store Entities,6438,
6 Jan 2018 06:59:56 GMT,csa.companyadmin,BTS_CSA,BTS_PROJECT_USER_MAPPING,{urn:com:appian:types:BTS_CSA}BTS_projectUserMapping,269,CSA Delete from Database,165,Delete From Database,30261,Delete from Data Store Entities,7959,
6 Jan 2018 06:59:56 GMT,csa.companyadmin,BTS_CSA,BTS_PROJECT_USER_MAPPING,{urn:com:appian:types:BTS_CSA}BTS_projectUserMapping,270,CSA Delete from Database,165,Delete From Database,30261,Delete from Data Store Entities,7959,
6 Jan 2018 06:59:56 GMT,csa.companyadmin,BTS_CSA,BTS_PROJECT_USER_MAPPING,{urn:com:appian:types:BTS_CSA}BTS_projectUserMapping,271,CSA Delete from Database,165,Delete From Database,30261,Delete from Data Store Entities,7959,
6 Jan 2018 07:05:45 GMT,csa.companyadmin,BTS_CSA,BTS_PROJECT_USER_MAPPING,{urn:com:appian:types:BTS_CSA}BTS_projectUserMapping,272,CSA Delete from Database,165,Delete From Database,268469061,Delete from Data Store Entities,268437058,
6 Jan 2018 07:05:45 GMT,csa.companyadmin,BTS_CSA,BTS_PROJECT_USER_MAPPING,{urn:com:appian:types:BTS_CSA}BTS_projectUserMapping,273,CSA Delete from Database,165,Delete From Database,268469061,Delete from Data Store Entities,268437058,
6 Jan 2018 07:05:45 GMT,csa.companyadmin,BTS_CSA,BTS_PROJECT_USER_MAPPING,{urn:com:appian:types:BTS_CSA}BTS_projectUserMapping,274,CSA Delete from Database,165,Delete From Database,268469061,Delete from Data Store Entities,268437058,
6 Jan 2018 07:06:39 GMT,csa.companyadmin,BTS_CSA,BTS_PROJECT_USER_MAPPING,{urn:com:appian:types:BTS_CSA}BTS_projectUserMapping,275,CSA Delete from Database,165,Delete From Database,536904687,Delete from Data Store Entities,536891564,
6 Jan 2018 07:06:39 GMT,csa.companyadmin,BTS_CSA,BTS_PROJECT_USER_MAPPING,{urn:com:appian:types:BTS_CSA}BTS_projectUserMapping,276,CSA Delete from Database,165,Delete From Database,536904687,Delete from Data Store Entities,536891564,
6 Jan 2018 07:06:39 GMT,csa.companyadmin,BTS_CSA,BTS_PROJECT_USER_MAPPING,{urn:com:appian:types:BTS_CSA}BTS_projectUserMapping,277,CSA Delete from Database,165,Delete From Database,536904687,Delete from Data Store Entities,536891564,
6 Jan 2018 08:10:37 GMT,csa.companyadmin,BTS_CSA,BTS_PROJECT_USER_MAPPING,{urn:com:appian:types:BTS_CSA}BTS_projectUserMapping,278,CSA Delete from Database,165,Delete From Database,268469087,Delete from Data Store Entities,268439338,
6 Jan 2018 08:10:37 GMT,csa.companyadmin,BTS_CSA,BTS_PROJECT_USER_MAPPING,{urn:com:appian:types:BTS_CSA}BTS_projectUserMapping,279,CSA Delete from Database,165,Delete From Database,268469087,Delete from Data Store Entities,268439338,
6 Jan 2018 08:10:37 GMT,csa.companyadmin,BTS_CSA,BTS_PROJECT_USER_MAPPING,{urn:com:appian:types:BTS_CSA}BTS_projectUserMapping,280,CSA Delete from Database,165,Delete From Database,268469087,Delete from Data Store Entities,268439338,
8 Jan 2018 11:53:06 GMT,csa.companyadmin,BTS_CSA,BTS_PROJECT_USER_MAPPING,{urn:com:appian:types:BTS_CSA}BTS_projectUserMapping,287,CSA Delete from Database,165,Delete From Database,268469765,Delete from Data Store Entities,268443354,
9 Jan 2018 06:20:26 GMT,csa.companyadmin,BTS_CSA,BTS_PROJECT_USER_MAPPING,{urn:com:appian:types:BTS_CSA}BTS_projectUserMapping,288,CSA Delete from Database,165,Delete From Database,268469851,Delete from Data Store Entities,268448115,
9 Jan 2018 06:38:34 GMT,csa.companyadmin,BTS_CSA,BTS_PROJECT_USER_MAPPING,{urn:com:appian:types:BTS_CSA}BTS_projectUserMapping,290,CSA Delete from Database,165,Delete From Database,268469875,Delete from Data Store Entities,268449770,
9 Jan 2018 06:39:28 GMT,csa.companyadmin,BTS_CSA,BTS_PROJECT_USER_MAPPING,{urn:com:appian:types:BTS_CSA}BTS_projectUserMapping,291,CSA Delete from Database,165,Delete From Database,536905539,Delete from Data Store Entities,536901083,
9 Jan 2018 06:40:06 GMT,csa.companyadmin,BTS_CSA,BTS_PROJECT_USER_MAPPING,{urn:com:appian:types:BTS_CSA}BTS_projectUserMapping,292,CSA Delete from Database,165,Delete From Database,536905550,Delete from Data Store Entities,536901424,
9 Jan 2018 06:56:06 GMT,csa.companyadmin,BTS_CSA,BTS_PROJECT_USER_MAPPING,{urn:com:appian:types:BTS_CSA}BTS_projectUserMapping,293,CSA Delete from Database,165,Delete From Database,31191,Delete from Data Store Entities,26838,
9 Jan 2018 06:57:53 GMT,csa.companyadmin,BTS_CSA,BTS_PROJECT_USER_MAPPING,{urn:com:appian:types:BTS_CSA}BTS_projectUserMapping,294,CSA Delete from Database,165,Delete From Database,536905584,Delete from Data Store Entities,536902402,
9 Jan 2018 07:14:28 GMT,csa.companyadmin,BTS_CSA,BTS_PROJECT_USER_MAPPING,{urn:com:appian:types:BTS_CSA}BTS_projectUserMapping,295,CSA Delete from Database,165,Delete From Database,31205,Delete from Data Store Entities,27514,
